observation_id,observation_date,observation_datetime,symbol,entry_decision,tracking_class,is_active_observation,reference_price,entry_price,v27_master_score,v27_reason,v22_signal_state,v22_signal_score,v24_state,v24_score,optimized_weight_pct,optimizer_score,portfolio_role,top_pick_score,ai_final_score,consensus_score,quality_score,reliability_class,risk_class,risk_score,regime,market_percentile,best_horizon_days,timing_confidence,expected_return,downside_20pct,upside_80pct,rsi,volume_ratio,ema20_distance,smart_money_score,institutional_score,historical_support_score,prediction_score,live_confirmation_score,relationship_score,v8_score,return_1d,return_3d,return_5d,return_10d,return_15d,max_return_15d,max_drawdown_15d,completed_1d,completed_3d,completed_5d,completed_10d,completed_15d,missed_opportunity,successful_observation,last_evaluated_date,record_status,version
2026-07-22_EGEPO_PASİF_İZLEME,2026-07-22,2026-07-22T00:18:58+03:00,EGEPO,PASİF İZLEME,PASSIVE,True,19.92,19.92,48.15,Canlı teyit yok ve toplam görünüm aktif takip için yeterli değil,PASİF İZLEME,67.69,TEYİT BEKLE,50.0,0.0,0.0,,68.8,69.7,50.89,50.0,YENİ,DÜŞÜK,11.0,YATAY,97.13,5,100.0,5.01,2.62,7.66,0.0,0.0,0.0,0.0,0.0,0.0,0.0,0.0,0.0,0.0,,,,,,,,False,False,False,False,False,False,False,2026-07-21,OPEN,V29.0
2026-07-22_ENJSA_ELE,2026-07-22,2026-07-22T00:18:58+03:00,ENJSA,ELE,ELIMINATED_ANALYSIS,False,106.8,106.8,42.13,V22 sinyal motoru adayı elemiş durumda,ELE,57.99,TEYİT BEKLE,50.0,0.0,0.0,,59.97,62.2,42.25,50.0,YENİ,ORTA,26.0,YATAY,93.44,5,99.18,3.44,0.68,7.09,0.0,0.0,0.0,0.0,0.0,0.0,0.0,0.0,0.0,0.0,,,,,,,,False,False,False,False,False,False,False,2026-07-21,OPEN,V29.0
2026-07-22_RGYAS_TEYİT_BEKLE,2026-07-22,2026-07-22T00:18:58+03:00,RGYAS,TEYİT BEKLE,WAITING,True,206.3,206.3,49.24,Genel görünüm olumlu fakat canlı teknik giriş teyidi henüz oluşmadı,TEYİT BEKLE,70.12,TEYİT BEKLE,50.0,0.0,0.0,,71.11,74.65,69.78,50.0,YENİ,DÜŞÜK,25.0,YATAY,88.11,5,100.0,4.98,2.71,7.58,0.0,0.0,0.0,0.0,0.0,0.0,0.0,0.0,0.0,0.0,,,,,,,,False,False,False,False,False,False,False,2026-07-21,OPEN,V29.0
2026-07-21_AKSA_TEYİT_BEKLE,2026-07-21,2026-07-21T00:17:51+03:00,AKSA,TEYİT BEKLE,WAITING,True,12.37,12.37,50.57,Genel görünüm olumlu fakat canlı teknik giriş teyidi henüz oluşmadı,TEYİT BEKLE,71.05,TEYİT BEKLE,50.0,0.0,0.0,,71.6,71.64,70.28,50.0,YENİ,DÜŞÜK,17.0,PANÄ°K,95.9,5,99.42,4.57,-0.1,7.93,0.0,0.0,0.0,0.0,0.0,0.0,0.0,0.0,0.0,0.0,,,,,,,,False,False,False,False,False,False,False,2026-07-21,OPEN,V29.0
2026-07-21_BSOKE_TEYİT_BEKLE,2026-07-21,2026-07-21T00:17:51+03:00,BSOKE,TEYİT BEKLE,WAITING,True,37.24,37.24,48.85,Genel görünüm olumlu fakat canlı teknik giriş teyidi henüz oluşmadı,TEYİT BEKLE,68.23,TEYİT BEKLE,50.0,0.0,0.0,,68.88,68.81,69.78,50.0,YENİ,DÜŞÜK,25.0,PANÄ°K,93.44,5,100.0,4.6,-0.03,6.51,0.0,0.0,0.0,0.0,0.0,0.0,0.0,0.0,0.0,0.0,,,,,,,,False,False,False,False,False,False,False,2026-07-21,OPEN,V29.0
2026-07-21_CIMSA_AKTİF_İZLEME,2026-07-21,2026-07-21T21:56:08+03:00,CIMSA,AKTİF İZLEME,ACTIVE,True,50.65,50.65,64.42,"Portföy motoru güçlü ağırlık ayırdı; istatistiksel görünüm güçlü, canlı giriş teyidi bekleniyor",TEYİT BEKLE,77.83,TEYİT BEKLE,50.0,18.0,50.55,ANA ADAY,78.22,80.22,78.37,50.0,YENİ,DÜŞÜK,11.0,YATAY,97.14,5,100.0,5.08,2.04,7.49,0.0,0.0,0.0,0.0,0.0,0.0,0.0,0.0,0.0,0.0,,,,,,,,False,False,False,False,False,False,False,2026-07-21,OPEN,V29.0
2026-07-21_DEVA_PASİF_İZLEME,2026-07-21,2026-07-21T21:56:08+03:00,DEVA,PASİF İZLEME,PASSIVE,True,76.9,76.9,44.9,Canlı teyit yok ve toplam görünüm aktif takip için yeterli değil,PASİF İZLEME,61.93,TEYİT BEKLE,50.0,0.0,0.0,,63.25,63.19,52.43,50.0,YENİ,ORTA,27.0,YATAY,97.75,5,99.64,4.33,-2.22,7.47,0.0,0.0,0.0,0.0,0.0,0.0,0.0,0.0,0.0,0.0,,,,,,,,False,False,False,False,False,False,False,2026-07-21,OPEN,V29.0
2026-07-21_EGEPO_ELE,2026-07-21,2026-07-21T00:17:51+03:00,EGEPO,ELE,ELIMINATED_ANALYSIS,False,19.77,19.77,39.01,V22 sinyal motoru adayı elemiş durumda,ELE,52.88,TEYİT BEKLE,50.0,0.0,0.0,,54.98,56.78,48.76,50.0,YENİ,ORTA,36.0,PANÄ°K,99.39,5,80.5,2.64,-2.2,5.98,0.0,0.0,0.0,0.0,0.0,0.0,0.0,0.0,0.0,0.0,,,,,,,,False,False,False,False,False,False,False,2026-07-21,OPEN,V29.0
2026-07-21_TCELL_TEYİT_BEKLE,2026-07-21,2026-07-21T21:56:08+03:00,TCELL,TEYİT BEKLE,WAITING,True,111.5,111.5,46.19,Genel görünüm olumlu fakat canlı teknik giriş teyidi henüz oluşmadı,TEYİT BEKLE,63.91,TEYİT BEKLE,50.0,0.0,0.0,,65.15,65.9,59.17,50.0,YENİ,DÜŞÜK,23.0,YATAY,94.27,5,100.0,3.34,-0.08,6.25,0.0,0.0,0.0,0.0,0.0,0.0,0.0,0.0,0.0,0.0,,,,,,,,False,False,False,False,False,False,False,2026-07-21,OPEN,V29.0
