rank,symbol,valid,eligible,classification,smart_money_score,close,volume,average_turnover_tl,rsi,atr_pct,ema20_distance,volume_ratio,volume_accumulation_ratio,up_down_volume_ratio,range_20_pct,close_position,upper_wick_ratio,distance_to_high_20,return_1d,return_5d,return_10d,return_20d,positive_reasons,risk_reasons,trend_score,volume_score,compression_score,candle_score,momentum_score,liquidity_score,risk_penalty,selection_score,elite_priority,source,signal_date,signal_price,return_5d_at_signal,return_10d_at_signal,return_20d_at_signal,result_1d,result_3d,result_5d,result_10d,max_result_5d,min_result_5d,max_result_10d,min_result_10d,hit_3pct_5d,hit_5pct_10d,status
1,BIMAS,True,True,GÜÇLÜ ADAY,74,159.75,8031230,1046177494.76,58.65,3.29,3.76,1.18,0.95,3.98,12.34,0.62,0.38,2.29,0.16,6.15,6.15,1.03,EMA20 üzerinde | Orta vadeli trend pozitif | EMA20 eğimi yukarı | Hacim ortalamanın üzerinde 1.18x | Yükselen gün hacmi baskın | Güçlü sıkışma %12.3 | RSI sağlıklı bölgede 58.7 | Erken momentum | 20 günlük dirence yakın,Belirgin risk yok,20,13,10,6,20,5,0,48.95,0,historical_backfill,2024-01-09,159.75,6.15,6.15,1.03,-0.39,4.85,4.85,12.99,5.95,-0.39,12.99,-0.39,1,1,tamamlandı
2,GARAN,True,True,GÜÇLÜ ADAY,73,62.6,60396241,2051255769.04,62.81,4.18,6.86,1.77,0.86,2.11,17.37,0.55,0.45,2.49,0.81,6.37,8.49,10.89,EMA20 üzerinde | Orta vadeli trend pozitif | EMA20 eğimi yukarı | Güçlü hacim 1.77x | Yükselen gün hacmi baskın | Kontrollü bant %17.4 | Volatilite daralıyor | RSI sağlıklı bölgede 62.8 | Erken momentum | 20 günlük dirence yakın,Belirgin risk yok,20,17,11,0,20,5,0,48.8,0,historical_backfill,2024-01-09,62.6,6.37,8.49,10.89,1.92,8.31,1.84,-3.75,8.31,1.84,8.31,-3.75,1,1,tamamlandı
1,ISDMR,True,True,ELİT ADAY,96,37.66,4921154,107776886.65,64.29,2.47,4.39,1.65,2.02,2.08,10.75,0.68,0.32,0.69,1.29,3.69,9.16,6.08,EMA20 üzerinde | Orta vadeli trend pozitif | EMA20 eğimi yukarı | Güçlü hacim 1.65x | 10 günlük hacim birikimi güçlü | Yükselen gün hacmi baskın | Fiyat gitmeden sessiz hacim artışı | Güçlü sıkışma %10.7 | Volatilite daralıyor | RSI sağlıklı bölgede 64.3 | Erken momentum | 20 günlük dirence yakın,Belirgin risk yok,20,30,15,6,20,5,0,67.1,1,historical_backfill,2024-02-06,37.66,3.69,9.16,6.08,0.96,4.57,5.47,9.13,7.43,0.96,10.25,0.96,1,1,tamamlandı
2,EREGL,True,True,ELİT ADAY,93,22.1,303763708,4161445565.05,59.88,2.33,2.48,1.59,1.34,2.62,10.04,0.74,0.26,3.07,1.56,1.98,4.39,3.03,EMA20 üzerinde | Orta vadeli trend pozitif | EMA20 eğimi yukarı | Güçlü hacim 1.59x | Hacim birikimi var | Yükselen gün hacmi baskın | Fiyat gitmeden sessiz hacim artışı | Güçlü sıkışma %10.0 | Volatilite daralıyor | RSI sağlıklı bölgede 59.9 | Erken momentum | 20 günlük dirence yakın,Belirgin risk yok,20,27,15,6,20,5,0,65.0,1,historical_backfill,2024-02-06,22.1,1.98,4.39,3.03,1.86,4.89,4.34,12.26,4.98,1.86,12.26,1.86,1,1,tamamlandı
3,OYAKC,True,True,ELİT ADAY,84,16.3718,51789381,675229648.89,60.96,3.29,4.19,1.2,1.25,3.92,15.72,0.79,0.21,3.11,0.87,-2.37,8.13,10.56,EMA20 üzerinde | Orta vadeli trend pozitif | EMA20 eğimi yukarı | Hacim ortalamanın üzerinde 1.20x | Hacim birikimi var | Yükselen gün hacmi baskın | Fiyat gitmeden sessiz hacim artışı | Kontrollü bant %15.7 | Volatilite daralıyor | Güçlü kapanış | RSI sağlıklı bölgede 61.0 | 20 günlük dirence yakın,Belirgin risk yok,20,23,11,8,17,5,0,59.0,1,historical_backfill,2024-02-06,16.3718,-2.37,8.13,10.56,0.94,2.04,3.76,8.22,4.31,0.94,8.22,0.94,1,1,tamamlandı
1,SELEC,True,True,ELİT ADAY,90,64.0,2422570,174659108.3,56.76,3.77,2.73,0.87,1.71,2.84,12.02,0.89,0.11,3.98,2.4,3.48,3.48,6.67,EMA20 üzerinde | Orta vadeli trend pozitif | EMA20 eğimi yukarı | 10 günlük hacim birikimi güçlü | Yükselen gün hacmi baskın | Fiyat gitmeden sessiz hacim artışı | Güçlü sıkışma %12.0 | Volatilite daralıyor | Güçlü kapanış | RSI sağlıklı bölgede 56.8 | Erken momentum | 20 günlük dirence yakın,Belirgin risk yok,20,20,15,10,20,5,0,62.5,1,historical_backfill,2024-02-20,64.0,3.48,3.48,6.67,-0.7,-1.88,-4.69,-12.5,0.16,-5.23,0.16,-12.5,0,0,tamamlandı
2,OYAKC,True,True,ELİT ADAY,89,17.7179,117268570,971245123.08,66.66,3.59,7.02,2.01,1.61,1.86,20.31,0.76,0.24,0.14,5.18,4.3,8.22,17.02,EMA20 üzerinde | Orta vadeli trend pozitif | EMA20 eğimi yukarı | Güçlü hacim 2.01x | 10 günlük hacim birikimi güçlü | Yükselen gün hacmi baskın | Fiyat gitmeden sessiz hacim artışı | Kontrollü bant %20.3 | Güçlü kapanış | RSI sağlıklı bölgede 66.7 | Erken momentum | 20 günlük dirence yakın,Belirgin risk yok,20,30,6,8,20,5,0,59.45,1,historical_backfill,2024-02-20,17.7179,4.3,8.22,17.02,3.55,6.44,-3.4,-2.32,6.44,-3.4,6.44,-3.4,1,1,tamamlandı
3,TOASO,True,True,ELİT ADAY,82,261.75,6599698,1263995869.91,63.94,2.67,4.09,1.32,1.25,1.36,16.01,0.67,0.33,2.24,1.75,2.45,1.85,12.48,EMA20 üzerinde | Orta vadeli trend pozitif | EMA20 eğimi yukarı | Hacim ortalamanın üzerinde 1.32x | Hacim birikimi var | Fiyat gitmeden sessiz hacim artışı | Kontrollü bant %16.0 | Volatilite daralıyor | RSI sağlıklı bölgede 63.9 | Erken momentum | 20 günlük dirence yakın,Belirgin risk yok,20,20,11,6,20,5,0,55.5,1,historical_backfill,2024-02-20,261.75,2.45,1.85,12.48,0.29,5.25,1.62,0.38,5.25,0.29,5.25,-2.58,1,1,tamamlandı
1,CCOLA,True,True,ELİT ADAY,90,635.0,531703,714190790.15,60.15,3.24,2.51,0.47,1.86,6.11,12.64,1.0,0.0,3.71,1.76,0.79,-0.31,5.83,EMA20 üzerinde | Orta vadeli trend pozitif | EMA20 eğimi yukarı | 10 günlük hacim birikimi güçlü | Yükselen gün hacmi baskın | Fiyat gitmeden sessiz hacim artışı | Güçlü sıkışma %12.6 | Volatilite daralıyor | Güçlü kapanış | RSI sağlıklı bölgede 60.2 | Erken momentum | 20 günlük dirence yakın,Belirgin risk yok,20,20,15,10,20,5,0,62.5,1,historical_backfill,2024-03-05,635.0,0.79,-0.31,5.83,-1.34,-1.42,-4.02,-9.45,-1.34,-4.02,-1.34,-12.6,0,0,tamamlandı
2,TRALT,True,True,ELİT ADAY,84,24.4,279649801,2653083033.43,64.53,3.92,7.51,2.43,1.23,1.59,19.26,0.67,0.33,0.08,6.74,10.91,1.58,14.88,EMA20 üzerinde | Orta vadeli trend pozitif | EMA20 eğimi yukarı | Güçlü hacim 2.43x | Hacim birikimi var | Yükselen gün hacmi baskın | Fiyat gitmeden sessiz hacim artışı | Kontrollü bant %19.3 | Volatilite daralıyor | RSI sağlıklı bölgede 64.5 | 20 günlük dirence yakın,Belirgin risk yok,20,27,11,6,15,5,0,55.4,1,historical_backfill,2024-03-05,24.4,10.91,1.58,14.88,-3.36,3.28,-1.07,-8.93,3.85,-3.36,3.85,-8.93,1,0,tamamlandı
3,MGROS,True,True,GÜÇLÜ ADAY,73,479.75,868523,688035980.14,65.4,3.1,4.02,0.58,0.81,1.93,17.15,0.88,0.12,4.43,1.21,2.07,3.51,8.54,EMA20 üzerinde | Orta vadeli trend pozitif | EMA20 eğimi yukarı | Yükselen gün hacmi baskın | Kontrollü bant %17.2 | Volatilite daralıyor | Güçlü kapanış | RSI sağlıklı bölgede 65.4 | Erken momentum | 20 günlük dirence yakın,Belirgin risk yok,20,7,11,10,20,5,0,47.8,0,historical_backfill,2024-03-05,479.75,2.07,3.51,8.54,-1.62,1.41,4.53,-1.51,4.53,-1.62,4.53,-1.62,1,0,tamamlandı
1,KCHOL,True,True,ELİT ADAY,88,180.4,16231781,2419551215.11,62.5,2.67,3.58,1.17,1.29,2.22,12.9,0.93,0.07,2.33,2.97,0.17,9.2,2.15,EMA20 üzerinde | Orta vadeli trend pozitif | EMA20 eğimi yukarı | Hacim ortalamanın üzerinde 1.17x | Hacim birikimi var | Yükselen gün hacmi baskın | Fiyat gitmeden sessiz hacim artışı | Güçlü sıkışma %12.9 | Güçlü kapanış | RSI sağlıklı bölgede 62.5 | Erken momentum | 20 günlük dirence yakın,Belirgin risk yok,20,23,10,10,20,5,0,61.35,1,historical_backfill,2024-03-19,180.4,0.17,9.2,2.15,3.77,7.98,7.65,16.08,9.04,3.77,16.08,3.77,1,1,tamamlandı
2,FROTO,True,True,GÜÇLÜ ADAY,75,111.0,11958580,1352120511.46,64.98,3.28,5.79,0.93,1.24,2.74,18.89,0.94,0.06,4.15,3.93,-0.18,11.95,12.58,EMA20 üzerinde | Orta vadeli trend pozitif | EMA20 eğimi yukarı | Hacim birikimi var | Yükselen gün hacmi baskın | Fiyat gitmeden sessiz hacim artışı | Kontrollü bant %18.9 | Güçlü kapanış | RSI sağlıklı bölgede 65.0 | 20 günlük dirence yakın,Belirgin risk yok,20,17,6,10,17,5,0,52.75,0,historical_backfill,2024-03-19,111.0,-0.18,11.95,12.58,2.16,3.06,-0.36,1.8,8.74,-0.36,8.74,-1.26,1,1,tamamlandı
3,TUPRS,True,True,GÜÇLÜ ADAY,80,173.7,29599229,4112582365.91,63.96,3.0,5.2,1.19,0.76,1.38,10.01,0.97,0.03,1.08,5.15,4.76,5.21,1.4,EMA20 üzerinde | Orta vadeli trend pozitif | EMA20 eğimi yukarı | Hacim ortalamanın üzerinde 1.19x | Güçlü sıkışma %10.0 | Volatilite daralıyor | Güçlü kapanış | RSI sağlıklı bölgede 64.0 | Erken momentum | 20 günlük dirence yakın,Belirgin risk yok,20,10,15,10,20,5,0,50.5,0,historical_backfill,2024-03-19,173.7,4.76,5.21,1.4,-1.09,-0.98,-2.48,1.21,0.17,-2.48,2.76,-2.48,0,0,tamamlandı
1,SAHOL,True,True,ELİT ADAY,82,85.4,54705148,2355779834.83,64.97,3.52,6.5,1.86,1.47,3.13,15.44,0.63,0.37,0.81,1.07,10.77,11.56,11.27,EMA20 üzerinde | Orta vadeli trend pozitif | EMA20 eğimi yukarı | Güçlü hacim 1.86x | 10 günlük hacim birikimi güçlü | Yükselen gün hacmi baskın | Fiyat gitmeden sessiz hacim artışı | Kontrollü bant %15.4 | RSI sağlıklı bölgede 65.0 | 20 günlük dirence yakın,Belirgin risk yok,20,30,6,6,15,5,0,54.25,1,historical_backfill,2024-04-02,85.4,10.77,11.56,11.27,-4.51,4.8,-0.29,0.35,4.8,-4.51,4.8,-4.51,1,0,tamamlandı
1,THYAO,True,True,GÜÇLÜ ADAY,73,302.5,38942548,12112674467.39,58.27,3.01,2.91,0.95,1.2,0.89,16.48,0.88,0.12,3.28,2.11,-2.42,-0.41,12.66,EMA20 üzerinde | Orta vadeli trend pozitif | EMA20 eğimi yukarı | Hacim birikimi var | Fiyat gitmeden sessiz hacim artışı | Kontrollü bant %16.5 | Volatilite daralıyor | Güçlü kapanış | RSI sağlıklı bölgede 58.3 | 20 günlük dirence yakın,Belirgin risk yok,20,10,11,10,17,5,0,49.1,0,historical_backfill,2024-04-19,302.5,-2.42,-0.41,12.66,0.08,3.55,7.77,9.09,7.77,0.08,9.09,0.08,1,1,tamamlandı
2,SELEC,True,True,GÜÇLÜ ADAY,71,56.65,1770505,75079117.51,57.19,4.34,4.6,1.26,1.04,7.51,21.9,0.82,0.18,2.75,0.18,5.2,12.85,3.94,EMA20 üzerinde | EMA20 eğimi yukarı | Hacim ortalamanın üzerinde 1.26x | Yükselen gün hacmi baskın | Kontrollü bant %21.9 | Volatilite daralıyor | Güçlü kapanış | RSI sağlıklı bölgede 57.2 | Erken momentum | 20 günlük dirence yakın,Belirgin risk yok,14,13,11,10,20,3,0,47.0,0,historical_backfill,2024-04-19,56.65,5.2,12.85,3.94,-2.47,-1.24,-7.33,-6.97,-1.24,-7.33,-1.24,-7.33,0,0,tamamlandı
3,HALKB,True,True,GÜÇLÜ ADAY,68,14.58,97126384,1074920418.77,54.01,4.6,2.55,1.29,1.99,1.32,30.69,0.95,0.05,13.32,2.82,-11.9,11.64,7.05,EMA20 üzerinde | Orta vadeli trend pozitif | EMA20 eğimi yukarı | Hacim ortalamanın üzerinde 1.29x | 10 günlük hacim birikimi güçlü | Fiyat gitmeden sessiz hacim artışı | Güçlü kapanış | RSI sağlıklı bölgede 54.0,Belirgin risk yok,20,23,0,10,10,5,0,46.85,0,historical_backfill,2024-04-19,14.58,-11.9,11.64,7.05,1.3,5.97,11.52,16.74,11.52,1.3,16.74,1.3,1,1,tamamlandı
1,SISE,True,True,ELİT ADAY,82,52.15,43349050,1680205557.6,65.19,2.56,5.48,1.27,1.29,1.98,18.63,0.78,0.22,0.67,1.86,1.56,10.49,12.3,EMA20 üzerinde | Orta vadeli trend pozitif | EMA20 eğimi yukarı | Hacim ortalamanın üzerinde 1.27x | Hacim birikimi var | Yükselen gün hacmi baskın | Fiyat gitmeden sessiz hacim artışı | Kontrollü bant %18.6 | Güçlü kapanış | RSI sağlıklı bölgede 65.2 | Erken momentum | 20 günlük dirence yakın,Belirgin risk yok,20,23,6,8,20,5,0,57.55,1,historical_backfill,2024-05-07,52.15,1.56,10.49,12.3,-1.34,1.53,1.34,5.47,1.53,-1.34,5.47,-1.34,0,1,tamamlandı
2,ISDMR,True,True,GÜÇLÜ ADAY,78,37.9,5446319,133793481.44,58.49,3.42,4.42,1.47,2.33,2.13,21.08,0.82,0.18,2.67,1.88,-0.26,9.54,10.37,EMA20 üzerinde | EMA20 eğimi yukarı | Hacim ortalamanın üzerinde 1.47x | 10 günlük hacim birikimi güçlü | Yükselen gün hacmi baskın | Fiyat gitmeden sessiz hacim artışı | Kontrollü bant %21.1 | Güçlü kapanış | RSI sağlıklı bölgede 58.5 | 20 günlük dirence yakın,Belirgin risk yok,14,26,6,10,17,5,0,55.15,0,historical_backfill,2024-05-07,37.9,-0.26,9.54,10.37,0.79,2.48,-0.26,2.16,3.48,-0.26,3.48,-2.22,1,0,tamamlandı
3,TOASO,True,True,GÜÇLÜ ADAY,75,274.25,6824250,1616482912.74,54.11,3.17,1.51,1.13,1.35,8.92,16.88,0.71,0.29,5.35,0.92,0.46,4.48,-4.28,EMA20 üzerinde | Orta vadeli trend pozitif | EMA20 eğimi yukarı | Hacim ortalamanın üzerinde 1.13x | Hacim birikimi var | Yükselen gün hacmi baskın | Fiyat gitmeden sessiz hacim artışı | Kontrollü bant %16.9 | RSI sağlıklı bölgede 54.1 | Erken momentum,Belirgin risk yok,20,23,6,6,15,5,0,53.35,0,historical_backfill,2024-05-07,274.25,0.46,4.48,-4.28,-0.73,-0.55,-0.55,8.75,-0.09,-0.73,9.39,-0.73,0,1,tamamlandı
1,ENKAI,True,True,GÜÇLÜ ADAY,75,38.48,27409408,759776848.88,56.07,2.66,2.27,1.37,1.06,1.65,11.96,0.73,0.27,3.94,1.53,6.3,0.1,8.09,EMA20 üzerinde | Orta vadeli trend pozitif | Hacim ortalamanın üzerinde 1.37x | Yükselen gün hacmi baskın | Güçlü sıkışma %12.0 | Volatilite daralıyor | RSI sağlıklı bölgede 56.1 | Erken momentum | 20 günlük dirence yakın,Belirgin risk yok,16,13,15,6,20,5,0,49.6,0,historical_backfill,2024-05-21,38.48,6.3,0.1,8.09,3.12,3.01,4.26,6.24,6.13,3.01,9.36,3.01,1,1,tamamlandı
2,SISE,True,True,GÜÇLÜ ADAY,66,55.0,86854382,2187427734.93,68.97,2.8,6.4,2.06,1.3,3.02,18.99,0.53,0.47,-0.64,2.04,4.07,5.47,16.53,EMA20 üzerinde | Orta vadeli trend pozitif | EMA20 eğimi yukarı | Güçlü hacim 2.06x | Hacim birikimi var | Yükselen gün hacmi baskın | Fiyat gitmeden sessiz hacim artışı | Kontrollü bant %19.0 | Erken momentum,Belirgin risk yok,20,27,6,0,8,5,0,45.35,0,historical_backfill,2024-05-21,55.0,4.07,5.47,16.53,0.45,-2.64,-1.36,-12.29,0.45,-2.64,0.45,-12.29,0,0,tamamlandı
1,HEDEF,True,True,ELİT ADAY,83,3.678,32158241,33474512.55,59.66,5.23,5.95,3.4,1.26,3.35,23.01,0.89,0.11,5.48,4.58,4.66,-0.07,11.42,EMA20 üzerinde | Orta vadeli trend pozitif | EMA20 eğimi yukarı | Güçlü hacim 3.40x | Hacim birikimi var | Yükselen gün hacmi baskın | Fiyat gitmeden sessiz hacim artışı | Volatilite daralıyor | Güçlü kapanış | RSI sağlıklı bölgede 59.7 | Erken momentum,Belirgin risk yok,20,27,5,10,18,3,0,58.6,1,historical_backfill,2024-06-04,3.678,4.66,-0.07,11.42,-3.68,-9.19,-10.95,-9.19,-3.68,-11.59,-3.68,-13.99,0,0,tamamlandı
2,BIMAS,True,True,GÜÇLÜ ADAY,67,246.0,12280668,1749394400.3,70.2,3.18,5.66,1.64,0.91,0.75,20.62,0.77,0.23,1.35,-0.96,2.13,0.97,17.42,EMA20 üzerinde | Orta vadeli trend pozitif | EMA20 eğimi yukarı | Güçlü hacim 1.64x | Kontrollü bant %20.6 | Volatilite daralıyor | Güçlü kapanış | Erken momentum | 20 günlük dirence yakın,Belirgin risk yok,20,10,11,8,13,5,0,42.5,0,historical_backfill,2024-06-04,246.0,2.13,0.97,17.42,2.44,0.3,1.32,16.67,2.44,-1.22,16.67,-1.22,0,1,tamamlandı
1,ASELS,True,True,GÜÇLÜ ADAY,77,61.5,38508112,2139241487.41,55.81,3.14,2.89,1.07,0.88,1.5,10.6,1.0,0.0,3.15,1.32,7.89,3.89,0.16,EMA20 üzerinde | Orta vadeli trend pozitif | EMA20 eğimi yukarı | Yükselen gün hacmi baskın | Güçlü sıkışma %10.6 | Volatilite daralıyor | Güçlü kapanış | RSI sağlıklı bölgede 55.8 | Erken momentum | 20 günlük dirence yakın,Belirgin risk yok,20,7,15,10,20,5,0,50.4,0,historical_backfill,2024-06-21,61.5,7.89,3.89,0.16,0.41,-4.23,-4.72,-1.22,0.41,-4.72,0.41,-8.54,0,0,tamamlandı
2,VAKBN,True,True,GÜÇLÜ ADAY,76,24.32,42459699,831031901.94,65.98,3.93,6.45,1.17,0.66,4.16,13.57,0.78,0.22,-0.08,1.59,3.31,7.9,6.85,EMA20 üzerinde | Orta vadeli trend pozitif | EMA20 eğimi yukarı | Hacim ortalamanın üzerinde 1.17x | Yükselen gün hacmi baskın | Güçlü sıkışma %13.6 | Volatilite daralıyor | Güçlü kapanış | RSI sağlıklı bölgede 66.0 | Erken momentum,Belirgin risk yok,20,13,15,8,15,5,0,50.4,0,historical_backfill,2024-06-21,24.32,3.31,7.9,6.85,3.62,-7.07,-9.37,-7.98,3.62,-9.37,3.62,-14.31,1,0,tamamlandı
3,THYAO,True,True,GÜÇLÜ ADAY,72,316.0,30476761,9936276815.64,56.18,2.26,1.85,0.95,0.91,3.09,9.46,0.75,0.25,4.24,0.0,4.46,3.27,-2.02,EMA20 üzerinde | Orta vadeli trend pozitif | EMA20 eğimi yukarı | Yükselen gün hacmi baskın | Güçlü sıkışma %9.5 | Volatilite daralıyor | Güçlü kapanış | RSI sağlıklı bölgede 56.2 | Erken momentum | 20 günlük dirence yakın,Belirgin risk yok,20,7,15,8,17,5,0,47.4,0,historical_backfill,2024-06-21,316.0,4.46,3.27,-2.02,-1.82,-4.75,-2.29,-2.53,-1.82,-4.75,-1.58,-6.41,0,0,tamamlandı
1,SAHOL,True,True,ELİT ADAY,83,103.0,17089726,1978702736.49,62.53,3.68,7.02,0.82,1.23,1.69,16.32,0.81,0.19,0.68,0.78,6.74,8.08,5.42,EMA20 üzerinde | Orta vadeli trend pozitif | EMA20 eğimi yukarı | Hacim birikimi var | Yükselen gün hacmi baskın | Fiyat gitmeden sessiz hacim artışı | Kontrollü bant %16.3 | Volatilite daralıyor | Güçlü kapanış | RSI sağlıklı bölgede 62.5 | Erken momentum | 20 günlük dirence yakın,Belirgin risk yok,20,17,11,10,20,5,0,57.8,1,historical_backfill,2024-07-05,103.0,6.74,8.08,5.42,-0.29,-1.94,5.05,6.41,5.05,-1.94,6.41,-1.94,1,1,tamamlandı
2,BIMAS,True,True,GÜÇLÜ ADAY,74,276.75,5286260,2009158353.83,62.47,3.1,3.3,0.71,1.16,0.8,20.74,1.0,0.0,5.14,1.47,1.56,-3.57,12.5,EMA20 üzerinde | Orta vadeli trend pozitif | EMA20 eğimi yukarı | Hacim birikimi var | Fiyat gitmeden sessiz hacim artışı | Kontrollü bant %20.7 | Volatilite daralıyor | Güçlü kapanış | RSI sağlıklı bölgede 62.5 | Erken momentum,Belirgin risk yok,20,10,11,10,18,5,0,49.7,0,historical_backfill,2024-07-05,276.75,1.56,-3.57,12.5,0.9,-1.9,4.52,11.2,4.52,-1.9,11.2,-1.9,1,1,tamamlandı
3,OYAKC,True,True,GÜÇLÜ ADAY,74,17.8205,38785136,406873030.67,69.11,3.29,9.62,1.54,1.4,1.51,21.8,0.87,0.13,-0.87,1.98,11.11,10.32,16.81,EMA20 üzerinde | Orta vadeli trend pozitif | EMA20 eğimi yukarı | Güçlü hacim 1.54x | 10 günlük hacim birikimi güçlü | Yükselen gün hacmi baskın | Fiyat gitmeden sessiz hacim artışı | Kontrollü bant %21.8 | Güçlü kapanış,Belirgin risk yok,20,30,6,10,3,5,0,46.45,0,historical_backfill,2024-07-05,17.8205,11.11,10.32,16.81,2.52,5.18,8.06,12.09,8.06,2.52,12.09,2.52,1,1,tamamlandı
1,BOSSA,True,True,ELİT ADAY,94,8.68,9081632,68982406.01,58.23,4.21,2.86,1.11,1.56,3.39,12.57,0.95,0.05,2.09,2.18,0.93,8.36,0.99,EMA20 üzerinde | Orta vadeli trend pozitif | EMA20 eğimi yukarı | Hacim ortalamanın üzerinde 1.11x | 10 günlük hacim birikimi güçlü | Yükselen gün hacmi baskın | Fiyat gitmeden sessiz hacim artışı | Güçlü sıkışma %12.6 | Volatilite daralıyor | Güçlü kapanış | RSI sağlıklı bölgede 58.2 | Erken momentum | 20 günlük dirence yakın,Belirgin risk yok,20,26,15,10,20,3,0,65.6,1,historical_backfill,2024-07-22,8.68,0.93,8.36,0.99,0.17,-2.19,-2.07,-6.45,2.02,-2.19,6.57,-6.45,0,1,tamamlandı
2,EREGL,True,True,GÜÇLÜ ADAY,80,29.7,644116678,9281255899.9,74.19,3.05,8.46,1.91,1.37,2.15,18.6,0.71,0.29,-2.06,3.21,7.51,8.0,13.04,EMA20 üzerinde | Orta vadeli trend pozitif | EMA20 eğimi yukarı | Güçlü hacim 1.91x | 10 günlük hacim birikimi güçlü | Yükselen gün hacmi baskın | Fiyat gitmeden sessiz hacim artışı | Kontrollü bant %18.6 | Volatilite daralıyor | Erken momentum,Belirgin risk yok,20,30,11,6,8,5,0,57.3,0,historical_backfill,2024-07-22,29.7,7.51,8.0,13.04,-1.77,-4.63,-6.4,-15.66,-1.77,-6.4,-1.77,-15.66,0,0,tamamlandı
3,CCOLA,True,True,GÜÇLÜ ADAY,73,891.5,626947,647105580.5,66.09,3.27,5.83,0.81,1.13,1.68,20.13,0.94,0.06,3.31,2.0,4.21,5.88,12.28,EMA20 üzerinde | Orta vadeli trend pozitif | EMA20 eğimi yukarı | Yükselen gün hacmi baskın | Kontrollü bant %20.1 | Volatilite daralıyor | Güçlü kapanış | RSI sağlıklı bölgede 66.1 | Erken momentum | 20 günlük dirence yakın,Belirgin risk yok,20,7,11,10,20,5,0,47.8,0,historical_backfill,2024-07-22,891.5,4.21,5.88,12.28,-0.73,-1.01,-1.85,-91.87,-0.11,-1.85,-0.11,-91.87,0,0,tamamlandı
1,SELEC,True,True,GÜÇLÜ ADAY,77,57.45,3083401,178015089.71,64.9,3.87,5.31,0.94,1.6,1.79,26.16,0.99,0.01,3.93,-1.12,-1.79,3.51,19.69,EMA20 üzerinde | Orta vadeli trend pozitif | EMA20 eğimi yukarı | 10 günlük hacim birikimi güçlü | Yükselen gün hacmi baskın | Fiyat gitmeden sessiz hacim artışı | Volatilite daralıyor | Güçlü kapanış | RSI sağlıklı bölgede 64.9 | 20 günlük dirence yakın,Belirgin risk yok,20,20,5,10,17,5,0,51.2,0,historical_backfill,2024-08-05,57.45,-1.79,3.51,19.69,2.96,8.27,2.61,3.13,8.27,2.61,8.27,2.0,1,1,tamamlandı
1,TRALT,True,True,ELİT ADAY,91,24.16,121475341,2358971810.7,56.85,4.05,2.81,1.22,1.28,1.85,13.02,0.78,0.22,2.66,0.58,5.23,9.22,3.6,EMA20 üzerinde | Orta vadeli trend pozitif | EMA20 eğimi yukarı | Hacim ortalamanın üzerinde 1.22x | Hacim birikimi var | Yükselen gün hacmi baskın | Fiyat gitmeden sessiz hacim artışı | Güçlü sıkışma %13.0 | Volatilite daralıyor | Güçlü kapanış | RSI sağlıklı bölgede 56.8 | Erken momentum | 20 günlük dirence yakın,Belirgin risk yok,20,23,15,8,20,5,0,63.4,1,historical_backfill,2024-08-19,24.16,5.23,9.22,3.6,9.93,18.71,9.11,3.89,18.71,9.11,18.71,3.89,1,1,tamamlandı
2,ENKAI,True,True,GÜÇLÜ ADAY,80,47.5,26874108,824266574.77,63.35,3.06,5.31,1.49,0.67,1.35,11.06,0.87,0.13,0.54,5.56,7.95,5.56,7.61,EMA20 üzerinde | Orta vadeli trend pozitif | EMA20 eğimi yukarı | Hacim ortalamanın üzerinde 1.49x | Güçlü sıkışma %11.1 | Volatilite daralıyor | Güçlü kapanış | RSI sağlıklı bölgede 63.4 | Erken momentum | 20 günlük dirence yakın,Belirgin risk yok,20,10,15,10,20,5,0,50.5,0,historical_backfill,2024-08-19,47.5,7.95,5.56,7.61,-1.14,2.53,-3.58,6.74,2.53,-3.58,6.84,-3.58,0,1,tamamlandı
3,TTKOM,True,True,GÜÇLÜ ADAY,69,54.15,15175820,612561574.2,63.54,3.93,7.05,1.24,0.72,2.03,19.82,0.94,0.06,-2.46,6.39,6.28,10.74,3.44,EMA20 üzerinde | Orta vadeli trend pozitif | EMA20 eğimi yukarı | Hacim ortalamanın üzerinde 1.24x | Yükselen gün hacmi baskın | Kontrollü bant %19.8 | Güçlü kapanış | RSI sağlıklı bölgede 63.5 | Erken momentum,Belirgin risk yok,20,13,6,10,15,5,0,45.75,0,historical_backfill,2024-08-19,54.15,6.28,10.74,3.44,0.28,-11.02,-12.32,-6.93,0.28,-12.35,0.28,-12.35,0,0,tamamlandı
1,BIMAS,True,True,ELİT ADAY,83,298.75,11008198,1677787890.78,64.22,3.18,6.04,1.83,1.22,1.92,14.78,0.69,0.31,-3.28,5.19,6.7,6.41,4.18,EMA20 üzerinde | Orta vadeli trend pozitif | EMA20 eğimi yukarı | Güçlü hacim 1.83x | Hacim birikimi var | Yükselen gün hacmi baskın | Fiyat gitmeden sessiz hacim artışı | Güçlü sıkışma %14.8 | RSI sağlıklı bölgede 64.2 | Erken momentum,Belirgin risk yok,20,27,10,6,15,5,0,58.75,1,historical_backfill,2024-09-17,298.75,6.7,6.41,4.18,3.01,-4.6,-2.85,-19.08,3.01,-4.6,3.01,-19.08,1,0,tamamlandı
2,MGROS,True,True,ELİT ADAY,82,526.0,1795495,634675939.06,60.02,3.11,4.5,1.41,1.16,4.11,11.91,0.87,0.13,-0.48,3.65,6.53,4.89,0.77,EMA20 üzerinde | EMA20 eğimi yukarı | Hacim ortalamanın üzerinde 1.41x | Hacim birikimi var | Yükselen gün hacmi baskın | Fiyat gitmeden sessiz hacim artışı | Güçlü sıkışma %11.9 | Volatilite daralıyor | Güçlü kapanış | RSI sağlıklı bölgede 60.0 | Erken momentum,Belirgin risk yok,14,23,15,10,15,5,0,57.7,1,historical_backfill,2024-09-17,526.0,6.53,4.89,0.77,0.29,-5.51,-6.75,-16.44,0.29,-6.75,0.29,-16.44,0,0,tamamlandı
1,TERA,True,True,GÜÇLÜ ADAY,69,5.076,27269679,68153977.9,55.29,7.77,4.5,1.99,1.51,2.9,64.07,1.0,0.0,18.2,9.94,-11.87,-3.51,12.13,EMA20 üzerinde | Orta vadeli trend pozitif | Güçlü hacim 1.99x | 10 günlük hacim birikimi güçlü | Yükselen gün hacmi baskın | Fiyat gitmeden sessiz hacim artışı | Güçlü kapanış | RSI sağlıklı bölgede 55.3,Belirgin risk yok,16,30,0,10,10,3,0,50.05,0,historical_backfill,2024-10-01,5.076,-11.87,-3.51,12.13,-2.48,-2.57,7.27,0.98,7.27,-7.0,7.62,-7.0,1,1,tamamlandı
1,GARAN,True,True,GÜÇLÜ ADAY,67,117.5,25578863,2583427868.15,50.83,4.15,0.18,1.18,1.09,1.22,21.32,0.74,0.26,10.24,0.86,1.91,-3.45,3.98,EMA20 üzerinde | Orta vadeli trend pozitif | EMA20 eğimi yukarı | Hacim ortalamanın üzerinde 1.18x | Kontrollü bant %21.3 | Volatilite daralıyor | RSI sağlıklı bölgede 50.8 | Erken momentum,Belirgin risk yok,20,10,11,6,15,5,0,42.5,0,historical_backfill,2024-10-15,117.5,1.91,-3.45,3.98,-0.51,-5.62,-4.94,-7.66,-0.51,-7.57,-0.51,-7.66,0,0,tamamlandı
1,TURSG,True,True,GÜÇLÜ ADAY,81,3.22,77323660,154484430.48,57.94,3.72,3.76,1.56,1.38,7.4,16.96,0.72,0.28,1.68,0.16,5.06,9.62,9.52,EMA20 üzerinde | EMA20 eğimi yukarı | Güçlü hacim 1.56x | 10 günlük hacim birikimi güçlü | Yükselen gün hacmi baskın | Fiyat gitmeden sessiz hacim artışı | Kontrollü bant %17.0 | RSI sağlıklı bölgede 57.9 | Erken momentum | 20 günlük dirence yakın,Belirgin risk yok,14,30,6,6,20,5,0,57.35,0,historical_backfill,2024-10-30,3.22,5.06,9.62,9.52,0.31,2.48,0.85,0.31,2.48,0.23,2.64,0.23,0,0,tamamlandı
2,ASELS,True,True,GÜÇLÜ ADAY,79,61.5,39535478,1929545140.07,59.14,3.29,4.07,1.2,0.9,3.43,13.35,0.74,0.26,0.16,2.16,5.4,9.82,5.31,EMA20 üzerinde | Orta vadeli trend pozitif | EMA20 eğimi yukarı | Hacim ortalamanın üzerinde 1.20x | Yükselen gün hacmi baskın | Güçlü sıkışma %13.3 | Volatilite daralıyor | RSI sağlıklı bölgede 59.1 | Erken momentum | 20 günlük dirence yakın,Belirgin risk yok,20,13,15,6,20,5,0,52.2,0,historical_backfill,2024-10-30,61.5,5.4,9.82,5.31,-1.06,3.25,3.33,10.57,5.93,-1.06,10.57,-1.06,1,1,tamamlandı
3,ENKAI,True,True,GÜÇLÜ ADAY,79,48.22,15590998,568091115.6,56.34,3.16,3.03,1.27,1.11,2.72,14.18,0.62,0.38,0.86,0.63,0.21,9.54,4.74,EMA20 üzerinde | Orta vadeli trend pozitif | EMA20 eğimi yukarı | Hacim ortalamanın üzerinde 1.27x | Yükselen gün hacmi baskın | Güçlü sıkışma %14.2 | Volatilite daralıyor | RSI sağlıklı bölgede 56.3 | Erken momentum | 20 günlük dirence yakın,Belirgin risk yok,20,13,15,6,20,5,0,52.2,0,historical_backfill,2024-10-30,48.22,0.21,9.54,4.74,-2.36,-0.87,7.74,13.13,7.74,-2.36,14.06,-2.36,1,1,tamamlandı
1,KTLEV,True,True,GÜÇLÜ ADAY,72,57.05,10478675,453329521.88,58.07,4.99,3.33,1.31,3.53,2.96,28.14,0.77,0.23,8.21,-0.78,-3.96,9.19,16.86,EMA20 üzerinde | Orta vadeli trend pozitif | EMA20 eğimi yukarı | Hacim ortalamanın üzerinde 1.31x | 10 günlük hacim birikimi güçlü | Yükselen gün hacmi baskın | Fiyat gitmeden sessiz hacim artışı | Güçlü kapanış | RSI sağlıklı bölgede 58.1,Belirgin risk yok,20,26,0,8,13,5,0,48.55,0,historical_backfill,2024-11-13,57.05,-3.96,9.19,16.86,-0.96,0.35,-3.94,4.12,0.35,-3.94,4.12,-3.94,0,0,tamamlandı
2,HALKB,True,True,GÜÇLÜ ADAY,67,15.85,56996726,623212522.87,56.37,3.43,3.48,1.4,1.33,4.22,18.84,0.76,0.24,5.54,1.73,6.81,6.95,-0.94,EMA20 üzerinde | EMA20 eğimi yukarı | Hacim ortalamanın üzerinde 1.40x | Hacim birikimi var | Yükselen gün hacmi baskın | Fiyat gitmeden sessiz hacim artışı | Kontrollü bant %18.8 | Güçlü kapanış | RSI sağlıklı bölgede 56.4 | Erken momentum,Belirgin risk yok,10,23,6,8,15,5,0,48.05,0,historical_backfill,2024-11-13,15.85,6.81,6.95,-0.94,1.39,0.38,-2.15,2.84,1.39,-2.15,3.53,-2.15,0,0,tamamlandı
3,ISCTR,True,True,GÜÇLÜ ADAY,71,12.59,673414029,4752115355.57,57.72,3.55,5.39,1.67,1.17,4.1,17.54,0.75,0.25,-0.24,3.71,13.83,4.48,0.8,EMA20 üzerinde | EMA20 eğimi yukarı | Güçlü hacim 1.67x | Hacim birikimi var | Yükselen gün hacmi baskın | Fiyat gitmeden sessiz hacim artışı | Kontrollü bant %17.5 | Volatilite daralıyor | Güçlü kapanış | RSI sağlıklı bölgede 57.7,Belirgin risk yok,10,27,11,8,10,5,0,47.1,0,historical_backfill,2024-11-13,12.59,13.83,4.48,0.8,0.48,3.1,-0.95,6.83,3.1,-0.95,8.18,-0.95,1,1,tamamlandı
1,TURSG,True,True,GÜÇLÜ ADAY,77,3.2775,79469584,189617780.7,57.12,3.09,2.56,1.35,1.24,1.65,11.06,0.52,0.48,3.32,-0.3,7.37,1.47,1.79,EMA20 üzerinde | EMA20 eğimi yukarı | Hacim ortalamanın üzerinde 1.35x | Hacim birikimi var | Yükselen gün hacmi baskın | Fiyat gitmeden sessiz hacim artışı | Güçlü sıkışma %11.1 | Volatilite daralıyor | RSI sağlıklı bölgede 57.1 | Erken momentum | 20 günlük dirence yakın,Belirgin risk yok,14,23,15,0,20,5,0,54.7,0,historical_backfill,2024-11-27,3.2775,7.37,1.47,1.79,-2.75,-0.84,1.75,6.03,1.75,-2.75,6.1,-2.75,0,1,tamamlandı
2,ASELS,True,True,GÜÇLÜ ADAY,75,68.4,27601257,2401624564.87,62.16,2.96,3.46,0.76,0.84,1.91,14.92,0.77,0.23,1.87,1.26,3.64,0.59,11.22,EMA20 üzerinde | Orta vadeli trend pozitif | EMA20 eğimi yukarı | Yükselen gün hacmi baskın | Güçlü sıkışma %14.9 | Volatilite daralıyor | Güçlü kapanış | RSI sağlıklı bölgede 62.2 | Erken momentum | 20 günlük dirence yakın,Belirgin risk yok,20,7,15,8,20,5,0,49.2,0,historical_backfill,2024-11-27,68.4,3.64,0.59,11.22,2.56,2.63,2.78,1.32,2.78,1.54,4.17,1.32,0,0,tamamlandı
1,TURSG,True,True,GÜÇLÜ ADAY,81,3.475,90364612,309830915.4,63.64,3.02,4.79,0.97,2.04,2.28,16.22,0.97,0.03,2.04,1.91,4.2,6.03,7.59,EMA20 üzerinde | Orta vadeli trend pozitif | EMA20 eğimi yukarı | 10 günlük hacim birikimi güçlü | Yükselen gün hacmi baskın | Fiyat gitmeden sessiz hacim artışı | Kontrollü bant %16.2 | Güçlü kapanış | RSI sağlıklı bölgede 63.6 | Erken momentum | 20 günlük dirence yakın,Belirgin risk yok,20,20,6,10,20,5,0,56.65,0,historical_backfill,2024-12-11,3.475,4.2,6.03,7.59,2.88,5.11,6.12,11.51,6.12,2.88,12.23,2.88,1,1,tamamlandı
2,SISE,True,True,GÜÇLÜ ADAY,75,42.54,29643986,1321248202.73,61.5,2.33,3.24,0.93,1.57,4.09,11.68,0.5,0.5,1.98,0.33,2.95,5.45,5.24,EMA20 üzerinde | Orta vadeli trend pozitif | EMA20 eğimi yukarı | 10 günlük hacim birikimi güçlü | Yükselen gün hacmi baskın | Fiyat gitmeden sessiz hacim artışı | Güçlü sıkışma %11.7 | RSI sağlıklı bölgede 61.5 | Erken momentum | 20 günlük dirence yakın,Belirgin risk yok,20,20,10,0,20,5,0,53.25,0,historical_backfill,2024-12-11,42.54,2.95,5.45,5.24,-0.52,-1.74,-1.93,2.12,1.27,-3.2,4.09,-3.2,0,0,tamamlandı
3,AKBNK,True,True,GÜÇLÜ ADAY,67,63.9,151479905,5369597227.7,64.4,3.59,5.6,1.69,0.92,2.2,28.27,0.5,0.5,4.2,-1.92,1.83,7.49,18.55,EMA20 üzerinde | Orta vadeli trend pozitif | EMA20 eğimi yukarı | Güçlü hacim 1.69x | Yükselen gün hacmi baskın | Volatilite daralıyor | RSI sağlıklı bölgede 64.4 | Erken momentum | 20 günlük dirence yakın,Belirgin risk yok,20,17,5,0,20,5,0,44.9,0,historical_backfill,2024-12-11,63.9,1.83,7.49,18.55,-0.39,-1.88,-1.56,1.8,-0.39,-1.88,1.8,-7.2,0,0,tamamlandı
1,HALKB,True,True,GÜÇLÜ ADAY,69,16.69,52238404,800947806.69,55.18,3.29,1.94,1.08,1.18,1.86,11.17,0.76,0.24,5.28,3.22,-3.75,4.84,2.39,EMA20 üzerinde | Orta vadeli trend pozitif | Hacim birikimi var | Yükselen gün hacmi baskın | Fiyat gitmeden sessiz hacim artışı | Güçlü sıkışma %11.2 | Güçlü kapanış | RSI sağlıklı bölgede 55.2,Belirgin risk yok,16,17,10,8,13,5,0,49.15,0,historical_backfill,2024-12-25,16.69,-3.75,4.84,2.39,-1.44,-2.34,-0.66,4.25,-0.36,-2.94,4.25,-2.94,0,0,tamamlandı
2,GARAN,True,True,GÜÇLÜ ADAY,72,133.3,18580720,2357174153.21,66.51,3.08,6.25,1.0,0.7,1.68,12.87,1.0,0.0,-0.53,5.38,3.82,5.79,10.99,EMA20 üzerinde | Orta vadeli trend pozitif | EMA20 eğimi yukarı | Yükselen gün hacmi baskın | Güçlü sıkışma %12.9 | Volatilite daralıyor | Güçlü kapanış | RSI sağlıklı bölgede 66.5 | Erken momentum,Belirgin risk yok,20,7,15,10,15,5,0,47.4,0,historical_backfill,2024-12-25,133.3,3.82,5.79,10.99,-1.73,-5.33,-3.38,-1.88,-1.73,-6.68,-1.73,-6.68,0,0,tamamlandı
3,TRGYO,True,True,GÜÇLÜ ADAY,70,62.5,1098174,85538598.56,67.57,3.01,6.15,0.77,0.59,1.65,13.22,1.0,0.0,-1.21,3.39,4.52,4.87,11.31,EMA20 üzerinde | Orta vadeli trend pozitif | EMA20 eğimi yukarı | Yükselen gün hacmi baskın | Güçlü sıkışma %13.2 | Volatilite daralıyor | Güçlü kapanış | RSI sağlıklı bölgede 67.6 | Erken momentum,Belirgin risk yok,20,7,15,10,15,3,0,46.3,0,historical_backfill,2024-12-25,62.5,4.52,4.87,11.31,1.6,0.48,-0.48,-3.52,2.0,-0.48,2.0,-3.52,0,0,tamamlandı
1,TOASO,True,True,ELİT ADAY,96,214.6,12821465,1168060545.63,62.42,3.15,5.15,2.25,1.54,2.45,16.99,0.87,0.13,0.19,1.51,1.13,7.84,7.62,EMA20 üzerinde | Orta vadeli trend pozitif | EMA20 eğimi yukarı | Güçlü hacim 2.25x | 10 günlük hacim birikimi güçlü | Yükselen gün hacmi baskın | Fiyat gitmeden sessiz hacim artışı | Kontrollü bant %17.0 | Volatilite daralıyor | Güçlü kapanış | RSI sağlıklı bölgede 62.4 | Erken momentum | 20 günlük dirence yakın,Belirgin risk yok,20,30,11,10,20,5,0,66.9,1,historical_backfill,2025-01-09,214.6,1.13,7.84,7.62,-0.51,-4.75,-5.36,0.56,-0.51,-7.41,1.58,-7.41,0,0,tamamlandı
2,AKBNK,True,True,ELİT ADAY,85,65.9,92848476,4733339996.13,58.67,3.18,2.92,1.26,1.21,1.77,14.95,0.96,0.04,2.59,3.62,-0.45,1.31,3.13,EMA20 üzerinde | Orta vadeli trend pozitif | EMA20 eğimi yukarı | Hacim ortalamanın üzerinde 1.26x | Hacim birikimi var | Yükselen gün hacmi baskın | Fiyat gitmeden sessiz hacim artışı | Güçlü sıkışma %15.0 | Güçlü kapanış | RSI sağlıklı bölgede 58.7 | 20 günlük dirence yakın,Belirgin risk yok,20,23,10,10,17,5,0,59.55,1,historical_backfill,2025-01-09,65.9,-0.45,1.31,3.13,-2.28,-4.4,-2.66,3.41,-2.28,-4.7,5.61,-4.7,0,1,tamamlandı
3,SELEC,True,True,ELİT ADAY,82,81.95,803975,100904197.65,58.61,3.35,2.41,0.63,1.39,3.4,15.59,0.61,0.39,3.47,-0.06,4.39,7.9,2.37,EMA20 üzerinde | Orta vadeli trend pozitif | EMA20 eğimi yukarı | 10 günlük hacim birikimi güçlü | Yükselen gün hacmi baskın | Fiyat gitmeden sessiz hacim artışı | Kontrollü bant %15.6 | Volatilite daralıyor | RSI sağlıklı bölgede 58.6 | Erken momentum | 20 günlük dirence yakın,Belirgin risk yok,20,20,11,6,20,5,0,57.5,1,historical_backfill,2025-01-09,81.95,4.39,7.9,2.37,-2.68,-6.77,-7.02,-11.47,-2.26,-7.2,-2.26,-11.71,0,0,tamamlandı
1,TTKOM,True,True,ELİT ADAY,90,49.02,69777898,1466051394.75,66.38,2.55,6.12,2.2,1.49,2.45,14.56,0.81,0.19,-3.2,3.72,7.26,5.51,9.62,EMA20 üzerinde | Orta vadeli trend pozitif | EMA20 eğimi yukarı | Güçlü hacim 2.20x | 10 günlük hacim birikimi güçlü | Yükselen gün hacmi baskın | Fiyat gitmeden sessiz hacim artışı | Güçlü sıkışma %14.6 | Güçlü kapanış | RSI sağlıklı bölgede 66.4 | Erken momentum,Belirgin risk yok,20,30,10,10,15,5,0,63.25,1,historical_backfill,2025-01-23,49.02,7.26,5.51,9.62,1.39,4.45,2.82,1.18,4.45,-0.24,4.45,-0.65,1,0,tamamlandı
2,FROTO,True,True,ELİT ADAY,86,95.6,17930640,941415843.44,56.64,1.99,2.09,1.78,1.35,1.56,7.98,0.94,0.06,1.14,3.07,3.52,1.43,1.76,EMA20 üzerinde | Güçlü hacim 1.78x | 10 günlük hacim birikimi güçlü | Yükselen gün hacmi baskın | Fiyat gitmeden sessiz hacim artışı | Güçlü sıkışma %8.0 | Volatilite daralıyor | Güçlü kapanış | RSI sağlıklı bölgede 56.6 | Erken momentum | 20 günlük dirence yakın,Belirgin risk yok,6,30,15,10,20,5,0,60.4,1,historical_backfill,2025-01-23,95.6,3.52,1.43,1.76,-2.46,-3.87,-1.57,-3.87,-1.57,-4.39,-1.57,-7.53,0,0,tamamlandı
3,SAHOL,True,True,ELİT ADAY,89,102.6,26578895,1902430756.21,58.31,3.01,3.26,1.39,1.51,1.47,11.35,0.61,0.39,2.75,0.49,5.02,-1.63,3.69,EMA20 üzerinde | Orta vadeli trend pozitif | EMA20 eğimi yukarı | Hacim ortalamanın üzerinde 1.39x | 10 günlük hacim birikimi güçlü | Fiyat gitmeden sessiz hacim artışı | Güçlü sıkışma %11.3 | Volatilite daralıyor | RSI sağlıklı bölgede 58.3 | Erken momentum | 20 günlük dirence yakın,Belirgin risk yok,20,23,15,6,20,5,0,60.2,1,historical_backfill,2025-01-23,102.6,5.02,-1.63,3.69,-0.58,0.39,0.19,-5.46,0.39,-0.58,0.39,-6.77,0,0,tamamlandı
1,THYAO,True,True,ELİT ADAY,86,313.5,38126039,9814176352.6,60.19,2.29,2.57,1.19,1.27,1.23,10.7,0.72,0.28,1.42,3.21,0.16,1.21,6.36,EMA20 üzerinde | Orta vadeli trend pozitif | EMA20 eğimi yukarı | Hacim ortalamanın üzerinde 1.19x | Hacim birikimi var | Fiyat gitmeden sessiz hacim artışı | Güçlü sıkışma %10.7 | Volatilite daralıyor | RSI sağlıklı bölgede 60.2 | Erken momentum | 20 günlük dirence yakın,Belirgin risk yok,20,20,15,6,20,5,0,58.1,1,historical_backfill,2025-02-06,313.5,0.16,1.21,6.36,2.79,1.91,1.83,0.72,2.79,1.12,3.67,0.72,0,0,tamamlandı
2,BIMAS,True,True,GÜÇLÜ ADAY,78,274.25,8681196,3035615398.82,61.11,2.73,3.49,0.76,1.45,1.86,11.49,0.67,0.33,1.7,1.67,-0.72,6.5,4.78,EMA20 üzerinde | Orta vadeli trend pozitif | EMA20 eğimi yukarı | 10 günlük hacim birikimi güçlü | Yükselen gün hacmi baskın | Fiyat gitmeden sessiz hacim artışı | Güçlü sıkışma %11.5 | RSI sağlıklı bölgede 61.1 | 20 günlük dirence yakın,Belirgin risk yok,20,20,10,6,17,5,0,55.05,0,historical_backfill,2025-02-06,274.25,-0.72,6.5,4.78,2.37,2.64,5.65,-2.46,5.65,0.36,5.65,-2.46,1,1,tamamlandı
3,OYAKC,True,True,GÜÇLÜ ADAY,70,25.48,19525106,781694100.9,58.68,3.54,2.69,0.63,0.88,0.94,14.44,0.96,0.04,4.85,2.41,3.16,-0.55,8.52,EMA20 üzerinde | Orta vadeli trend pozitif | EMA20 eğimi yukarı | Güçlü sıkışma %14.4 | Volatilite daralıyor | Güçlü kapanış | RSI sağlıklı bölgede 58.7 | Erken momentum | 20 günlük dirence yakın,Belirgin risk yok,20,0,15,10,20,5,0,43.5,0,historical_backfill,2025-02-06,25.48,3.16,-0.55,8.52,0.86,3.61,-0.31,7.14,3.61,-0.71,7.14,-0.71,1,1,tamamlandı
1,TTKOM,True,True,GÜÇLÜ ADAY,73,50.7,23338029,1281407827.01,59.27,2.76,2.77,0.91,0.8,1.65,7.19,0.72,0.28,1.74,2.51,1.0,2.22,3.43,EMA20 üzerinde | Orta vadeli trend pozitif | EMA20 eğimi yukarı | Yükselen gün hacmi baskın | Güçlü sıkışma %7.2 | Volatilite daralıyor | RSI sağlıklı bölgede 59.3 | Erken momentum | 20 günlük dirence yakın,Belirgin risk yok,20,7,15,6,20,5,0,48.0,0,historical_backfill,2025-02-20,50.7,1.0,2.22,3.43,-3.83,-5.01,-1.38,2.86,-1.38,-5.01,2.86,-5.01,0,0,tamamlandı
2,SAHOL,True,True,GÜÇLÜ ADAY,72,101.4,26899859,1900282700.86,55.29,2.82,1.9,1.4,0.9,2.93,10.89,0.98,0.02,3.34,2.11,-0.2,4.54,-1.17,EMA20 üzerinde | Orta vadeli trend pozitif | EMA20 eğimi yukarı | Hacim ortalamanın üzerinde 1.40x | Yükselen gün hacmi baskın | Güçlü sıkışma %10.9 | Güçlü kapanış | RSI sağlıklı bölgede 55.3 | 20 günlük dirence yakın,Belirgin risk yok,20,13,10,10,14,5,0,47.75,0,historical_backfill,2025-02-20,101.4,-0.2,4.54,-1.17,-0.99,-8.48,-3.8,6.21,-0.99,-8.48,6.21,-8.48,0,1,tamamlandı
3,HALKB,True,True,GÜÇLÜ ADAY,70,19.24,42579217,987351704.38,54.71,3.44,1.31,0.83,1.24,0.48,15.7,0.65,0.35,7.77,1.8,2.12,-0.16,3.27,EMA20 üzerinde | Orta vadeli trend pozitif | EMA20 eğimi yukarı | Hacim birikimi var | Fiyat gitmeden sessiz hacim artışı | Kontrollü bant %15.7 | Volatilite daralıyor | RSI sağlıklı bölgede 54.7 | Erken momentum,Belirgin risk yok,20,10,11,6,18,5,0,47.3,0,historical_backfill,2025-02-20,19.24,2.12,-0.16,3.27,-2.03,-0.52,0.52,5.61,0.78,-2.03,5.61,-2.03,0,1,tamamlandı
1,ISDMR,True,True,ELİT ADAY,94,39.84,4714106,106442587.84,59.29,2.58,4.23,1.7,1.55,1.73,8.53,0.88,0.12,0.15,2.79,4.57,2.84,7.79,EMA20 üzerinde | EMA20 eğimi yukarı | Güçlü hacim 1.70x | 10 günlük hacim birikimi güçlü | Yükselen gün hacmi baskın | Fiyat gitmeden sessiz hacim artışı | Güçlü sıkışma %8.5 | Volatilite daralıyor | Güçlü kapanış | RSI sağlıklı bölgede 59.3 | Erken momentum | 20 günlük dirence yakın,Belirgin risk yok,14,30,15,10,20,5,0,65.6,1,historical_backfill,2025-03-06,39.84,4.57,2.84,7.79,1.0,1.51,2.26,-4.52,2.26,0.85,3.16,-6.17,0,0,tamamlandı
2,HALKB,True,True,ELİT ADAY,93,20.32,84469087,1114904654.63,63.64,3.24,4.4,1.47,1.18,2.7,12.93,0.9,0.1,2.68,0.89,5.07,5.61,5.45,EMA20 üzerinde | Orta vadeli trend pozitif | EMA20 eğimi yukarı | Hacim ortalamanın üzerinde 1.47x | Hacim birikimi var | Yükselen gün hacmi baskın | Fiyat gitmeden sessiz hacim artışı | Güçlü sıkışma %12.9 | Volatilite daralıyor | Güçlü kapanış | RSI sağlıklı bölgede 63.6 | Erken momentum | 20 günlük dirence yakın,Belirgin risk yok,20,23,15,10,20,5,0,64.6,1,historical_backfill,2025-03-06,20.32,5.07,5.61,5.45,6.1,6.79,7.78,0.2,7.78,6.1,10.24,-0.79,1,1,tamamlandı
3,THYAO,True,True,ELİT ADAY,87,336.0,54894390,11368410196.24,66.8,2.46,6.29,1.54,1.2,2.6,10.44,1.0,0.0,-2.75,2.99,6.41,6.41,7.18,EMA20 üzerinde | Orta vadeli trend pozitif | EMA20 eğimi yukarı | Güçlü hacim 1.54x | Hacim birikimi var | Yükselen gün hacmi baskın | Fiyat gitmeden sessiz hacim artışı | Güçlü sıkışma %10.4 | Güçlü kapanış | RSI sağlıklı bölgede 66.8 | Erken momentum,Belirgin risk yok,20,27,10,10,15,5,0,61.15,1,historical_backfill,2025-03-06,336.0,6.41,6.41,7.18,-0.07,-1.64,0.52,-8.33,0.52,-1.64,0.52,-10.34,0,0,tamamlandı
1,CCOLA,True,True,GÜÇLÜ ADAY,78,56.0,15130613,523758639.76,53.74,4.02,2.35,1.56,1.53,1.01,17.65,0.87,0.13,4.19,4.77,3.51,4.38,6.06,EMA20 üzerinde | EMA20 eğimi yukarı | Güçlü hacim 1.56x | 10 günlük hacim birikimi güçlü | Fiyat gitmeden sessiz hacim artışı | Kontrollü bant %17.7 | Güçlü kapanış | RSI sağlıklı bölgede 53.7 | Erken momentum | 20 günlük dirence yakın,Belirgin risk yok,14,23,6,10,20,5,0,52.85,0,historical_backfill,2025-03-20,56.0,3.51,4.38,6.06,-10.0,-0.45,-5.36,-6.43,-0.45,-10.0,-0.45,-10.0,0,0,tamamlandı
2,TUPRS,True,True,GÜÇLÜ ADAY,71,141.9,33369766,3717193446.0,56.44,2.66,2.42,1.22,1.28,3.38,19.58,0.67,0.33,3.6,2.98,-1.46,3.12,11.12,EMA20 üzerinde | EMA20 eğimi yukarı | Hacim ortalamanın üzerinde 1.22x | Hacim birikimi var | Yükselen gün hacmi baskın | Fiyat gitmeden sessiz hacim artışı | Kontrollü bant %19.6 | RSI sağlıklı bölgede 56.4 | 20 günlük dirence yakın,Belirgin risk yok,14,23,6,6,17,5,0,50.65,0,historical_backfill,2025-03-20,141.9,-1.46,3.12,11.12,-4.44,-0.0,0.21,-6.13,0.42,-4.44,0.42,-6.13,0,0,tamamlandı
3,TURSG,True,True,GÜÇLÜ ADAY,67,4.2,80558592,229205683.12,47.04,4.1,-1.8,1.49,1.38,2.65,17.16,0.7,0.3,9.53,3.45,-6.35,1.57,-4.16,Orta vadeli trend pozitif | EMA20 eğimi yukarı | Hacim ortalamanın üzerinde 1.49x | 10 günlük hacim birikimi güçlü | Yükselen gün hacmi baskın | Fiyat gitmeden sessiz hacim artışı | Kontrollü bant %17.2 | RSI sağlıklı bölgede 47.0,Belirgin risk yok,14,26,6,6,10,5,0,48.55,0,historical_backfill,2025-03-20,4.2,-6.35,1.57,-4.16,-6.55,5.24,7.26,4.4,7.26,-6.55,8.04,-6.55,1,1,tamamlandı
1,OZATD,True,True,ELİT ADAY,83,127.3,1477465,407798759.29,63.84,4.54,5.96,0.44,1.22,2.46,21.42,1.0,0.0,1.09,1.03,3.83,7.7,6.08,EMA20 üzerinde | Orta vadeli trend pozitif | EMA20 eğimi yukarı | Hacim birikimi var | Yükselen gün hacmi baskın | Fiyat gitmeden sessiz hacim artışı | Kontrollü bant %21.4 | Volatilite daralıyor | Güçlü kapanış | RSI sağlıklı bölgede 63.8 | Erken momentum | 20 günlük dirence yakın,Belirgin risk yok,20,17,11,10,20,5,0,57.8,1,historical_backfill,2025-04-07,127.3,3.83,7.7,6.08,-0.24,-1.81,3.61,8.41,3.61,-3.61,8.41,-3.61,1,1,tamamlandı
2,TRGYO,True,True,GÜÇLÜ ADAY,74,59.4,1948409,147878493.74,54.42,4.63,1.87,0.77,1.49,1.55,22.52,0.63,0.37,5.86,-3.1,4.85,3.85,9.39,EMA20 üzerinde | Orta vadeli trend pozitif | EMA20 eğimi yukarı | 10 günlük hacim birikimi güçlü | Yükselen gün hacmi baskın | Fiyat gitmeden sessiz hacim artışı | Volatilite daralıyor | RSI sağlıklı bölgede 54.4 | Erken momentum,Belirgin risk yok,20,20,5,6,18,5,0,52.4,0,historical_backfill,2025-04-07,59.4,4.85,3.85,9.39,-0.51,-1.09,-0.67,-0.42,-0.34,-1.09,0.76,-1.09,0,0,tamamlandı
1,TTKOM,True,True,GÜÇLÜ ADAY,66,53.0,13948606,1170403815.49,56.0,4.08,3.56,0.59,0.55,1.43,19.87,0.67,0.33,1.3,1.92,1.05,7.72,4.54,EMA20 üzerinde | Orta vadeli trend pozitif | EMA20 eğimi yukarı | Kontrollü bant %19.9 | Volatilite daralıyor | RSI sağlıklı bölgede 56.0 | Erken momentum | 20 günlük dirence yakın,Belirgin risk yok,20,4,11,6,20,5,0,41.3,0,historical_backfill,2025-04-21,53.0,1.05,7.72,4.54,4.15,2.26,3.11,2.92,5.38,2.26,5.38,-0.94,1,1,tamamlandı
1,TRGYO,True,True,GÜÇLÜ ADAY,78,61.0,1938571,116892589.39,54.05,4.04,0.73,1.01,1.15,2.86,14.1,0.62,0.38,5.21,0.16,-0.33,3.13,2.69,EMA20 üzerinde | Orta vadeli trend pozitif | EMA20 eğimi yukarı | Hacim birikimi var | Yükselen gün hacmi baskın | Fiyat gitmeden sessiz hacim artışı | Güçlü sıkışma %14.1 | Volatilite daralıyor | RSI sağlıklı bölgede 54.0,Belirgin risk yok,20,17,15,6,15,5,0,55.0,0,historical_backfill,2025-05-07,61.0,-0.33,3.13,2.69,-1.89,1.64,8.11,1.72,8.11,-1.89,8.11,-1.89,1,1,tamamlandı
2,BIMAS,True,True,GÜÇLÜ ADAY,72,245.0,13604802,2584440174.07,60.09,3.01,5.05,1.22,0.55,1.94,11.2,0.91,0.09,-1.34,3.59,5.6,10.17,8.29,EMA20 üzerinde | EMA20 eğimi yukarı | Hacim ortalamanın üzerinde 1.22x | Yükselen gün hacmi baskın | Güçlü sıkışma %11.2 | Volatilite daralıyor | Güçlü kapanış | RSI sağlıklı bölgede 60.1 | Erken momentum,Belirgin risk yok,14,13,15,10,15,5,0,47.7,0,historical_backfill,2025-05-07,245.0,5.6,10.17,8.29,0.1,1.53,1.33,-2.76,1.53,-2.3,1.53,-4.8,0,0,tamamlandı
3,MGROS,True,True,GÜÇLÜ ADAY,68,501.0,1612540,874687838.62,52.87,3.25,1.92,0.9,0.77,1.49,8.17,1.0,0.0,0.4,2.56,1.67,2.35,4.16,EMA20 üzerinde | EMA20 eğimi yukarı | Güçlü sıkışma %8.2 | Volatilite daralıyor | Güçlü kapanış | RSI sağlıklı bölgede 52.9 | Erken momentum | 20 günlük dirence yakın,Belirgin risk yok,14,4,15,10,20,5,0,42.4,0,historical_backfill,2025-05-07,501.0,1.67,2.35,4.16,1.4,7.09,5.79,0.6,7.39,1.4,7.39,0.6,1,1,tamamlandı
1,TTKOM,True,True,GÜÇLÜ ADAY,77,60.85,19667896,1008901480.76,65.1,3.45,5.46,1.12,1.15,3.3,19.77,0.73,0.27,2.95,1.67,-0.81,11.55,14.81,EMA20 üzerinde | Orta vadeli trend pozitif | EMA20 eğimi yukarı | Hacim ortalamanın üzerinde 1.12x | Hacim birikimi var | Yükselen gün hacmi baskın | Fiyat gitmeden sessiz hacim artışı | Kontrollü bant %19.8 | RSI sağlıklı bölgede 65.1 | 20 günlük dirence yakın,Belirgin risk yok,20,23,6,6,17,5,0,54.55,0,historical_backfill,2025-05-22,60.85,-0.81,11.55,14.81,-0.99,-1.81,-3.45,-4.68,-0.58,-3.45,-0.58,-9.7,0,0,tamamlandı
2,GUBRF,True,True,GÜÇLÜ ADAY,79,287.0,4621469,1061551805.73,54.72,3.88,2.36,1.22,1.24,1.2,12.72,0.78,0.22,5.98,2.78,4.36,6.39,-2.63,EMA20 üzerinde | Orta vadeli trend pozitif | Hacim ortalamanın üzerinde 1.22x | Hacim birikimi var | Fiyat gitmeden sessiz hacim artışı | Güçlü sıkışma %12.7 | Volatilite daralıyor | Güçlü kapanış | RSI sağlıklı bölgede 54.7 | Erken momentum,Belirgin risk yok,16,20,15,8,15,5,0,53.7,0,historical_backfill,2025-05-22,287.0,4.36,6.39,-2.63,-1.74,-9.76,-7.84,-15.26,-1.74,-9.84,-1.74,-17.8,0,0,tamamlandı
3,AKBNK,True,True,GÜÇLÜ ADAY,72,53.65,149130710,6025214168.98,56.63,3.36,3.89,1.26,1.18,1.57,13.83,0.51,0.49,0.09,2.19,3.57,8.43,7.77,EMA20 üzerinde | EMA20 eğimi yukarı | Hacim ortalamanın üzerinde 1.26x | Hacim birikimi var | Yükselen gün hacmi baskın | Fiyat gitmeden sessiz hacim artışı | Güçlü sıkışma %13.8 | RSI sağlıklı bölgede 56.6 | Erken momentum | 20 günlük dirence yakın,Belirgin risk yok,14,23,10,0,20,5,0,51.45,0,historical_backfill,2025-05-22,53.65,3.57,8.43,7.77,-3.26,-5.03,-1.58,4.85,-1.58,-5.03,4.85,-5.03,0,0,tamamlandı
1,DOCO,True,True,GÜÇLÜ ADAY,67,7897.5,3530,104721079.0,66.24,3.32,6.13,0.25,0.38,2.76,14.2,0.55,0.45,0.5,0.93,3.81,4.26,12.98,EMA20 üzerinde | Orta vadeli trend pozitif | EMA20 eğimi yukarı | Yükselen gün hacmi baskın | Güçlü sıkışma %14.2 | Volatilite daralıyor | RSI sağlıklı bölgede 66.2 | Erken momentum | 20 günlük dirence yakın,Belirgin risk yok,20,7,15,0,20,5,0,44.4,0,historical_backfill,2025-06-05,7897.5,3.81,4.26,12.98,2.12,1.9,0.0,-3.13,2.12,-1.36,2.12,-4.02,0,0,tamamlandı
2,BIMAS,True,True,GÜÇLÜ ADAY,65,260.75,3977454,2504709165.5,68.16,2.64,6.91,0.39,0.84,3.34,12.03,1.0,0.0,-1.16,1.16,7.97,9.44,6.43,EMA20 üzerinde | Orta vadeli trend pozitif | EMA20 eğimi yukarı | Yükselen gün hacmi baskın | Güçlü sıkışma %12.0 | Volatilite daralıyor | Güçlü kapanış | Erken momentum,Belirgin risk yok,20,7,15,10,8,5,0,43.2,0,historical_backfill,2025-06-05,260.75,7.97,9.44,6.43,0.58,-3.07,-4.79,-12.42,0.58,-5.08,0.58,-12.42,0,0,tamamlandı
1,ASELS,True,True,GÜÇLÜ ADAY,79,147.1,33863987,4261525791.26,61.55,3.62,5.02,1.11,1.09,1.72,18.75,0.82,0.18,2.39,0.55,5.9,5.45,7.37,EMA20 üzerinde | Orta vadeli trend pozitif | EMA20 eğimi yukarı | Hacim ortalamanın üzerinde 1.11x | Yükselen gün hacmi baskın | Kontrollü bant %18.8 | Volatilite daralıyor | Güçlü kapanış | RSI sağlıklı bölgede 61.5 | Erken momentum | 20 günlük dirence yakın,Belirgin risk yok,20,13,11,10,20,5,0,52.0,0,historical_backfill,2025-06-23,147.1,5.9,5.45,7.37,-3.06,-4.62,2.52,2.86,2.52,-4.62,2.86,-4.62,0,0,tamamlandı
2,HALKB,True,True,GÜÇLÜ ADAY,74,21.2,26660913,616288711.79,56.66,3.39,3.02,0.88,0.64,1.3,12.18,0.8,0.2,1.21,1.92,5.05,2.71,1.44,EMA20 üzerinde | Orta vadeli trend pozitif | EMA20 eğimi yukarı | Güçlü sıkışma %12.2 | Volatilite daralıyor | Güçlü kapanış | RSI sağlıklı bölgede 56.7 | Erken momentum | 20 günlük dirence yakın,Belirgin risk yok,20,4,15,10,20,5,0,46.3,0,historical_backfill,2025-06-23,21.2,5.05,2.71,1.44,5.19,12.64,14.72,23.58,14.72,5.19,26.98,5.19,1,1,tamamlandı
3,INVES,True,True,GÜÇLÜ ADAY,65,224.8,341893,24412715.03,50.85,5.96,0.38,3.1,2.37,1.05,23.58,1.0,0.0,6.14,9.98,-1.27,-1.06,2.27,EMA20 üzerinde | Orta vadeli trend pozitif | Güçlü hacim 3.10x | 10 günlük hacim birikimi güçlü | Fiyat gitmeden sessiz hacim artışı | Güçlü kapanış | RSI sağlıklı bölgede 50.9,Belirgin risk yok,16,23,0,10,15,1,0,45.05,0,historical_backfill,2025-06-23,224.8,-1.27,-1.06,2.27,3.2,6.32,12.54,20.55,12.54,3.2,21.66,3.2,1,1,tamamlandı
1,TUPRS,True,True,GÜÇLÜ ADAY,79,146.2,16386969,3667852892.3,63.52,3.06,4.98,0.62,1.42,1.47,20.4,0.62,0.38,4.01,-0.68,4.43,-1.48,11.77,EMA20 üzerinde | Orta vadeli trend pozitif | EMA20 eğimi yukarı | 10 günlük hacim birikimi güçlü | Fiyat gitmeden sessiz hacim artışı | Kontrollü bant %20.4 | Volatilite daralıyor | RSI sağlıklı bölgede 63.5 | Erken momentum | 20 günlük dirence yakın,Belirgin risk yok,20,17,11,6,20,5,0,53.4,0,historical_backfill,2025-07-07,146.2,4.43,-1.48,11.77,-3.9,2.74,6.36,14.64,6.84,-3.9,14.64,-3.9,1,1,tamamlandı
2,TRGYO,True,True,GÜÇLÜ ADAY,74,68.95,1460650,122606228.72,62.67,3.33,5.15,0.78,1.42,1.7,20.02,0.76,0.24,4.57,-0.65,3.14,12.94,13.03,EMA20 üzerinde | Orta vadeli trend pozitif | EMA20 eğimi yukarı | 10 günlük hacim birikimi güçlü | Yükselen gün hacmi baskın | Kontrollü bant %20.0 | Güçlü kapanış | RSI sağlıklı bölgede 62.7 | Erken momentum | 20 günlük dirence yakın,Belirgin risk yok,20,15,6,8,20,5,0,51.95,0,historical_backfill,2025-07-07,68.95,3.14,12.94,13.03,-0.65,0.29,-0.65,5.37,1.81,-0.65,5.37,-0.65,0,1,tamamlandı
3,MGROS,True,True,GÜÇLÜ ADAY,72,499.25,1153558,757618416.05,55.84,2.81,2.34,0.74,1.24,1.57,15.91,1.0,0.0,3.81,-0.65,0.91,9.25,1.63,EMA20 üzerinde | EMA20 eğimi yukarı | Hacim birikimi var | Yükselen gün hacmi baskın | Fiyat gitmeden sessiz hacim artışı | Kontrollü bant %15.9 | Güçlü kapanış | RSI sağlıklı bölgede 55.8 | Erken momentum | 20 günlük dirence yakın,Belirgin risk yok,14,17,6,10,20,5,0,50.65,0,historical_backfill,2025-07-07,499.25,0.91,9.25,1.63,-4.26,-1.9,-2.65,4.16,-1.9,-4.26,4.16,-4.26,0,0,tamamlandı
1,ENKAI,True,True,ELİT ADAY,89,68.05,17693165,811582422.6,61.04,3.14,4.54,1.43,1.18,1.84,11.93,0.65,0.35,1.31,1.11,6.0,3.11,12.67,EMA20 üzerinde | Orta vadeli trend pozitif | EMA20 eğimi yukarı | Hacim ortalamanın üzerinde 1.43x | Hacim birikimi var | Yükselen gün hacmi baskın | Fiyat gitmeden sessiz hacim artışı | Güçlü sıkışma %11.9 | Volatilite daralıyor | RSI sağlıklı bölgede 61.0 | Erken momentum | 20 günlük dirence yakın,Belirgin risk yok,20,23,15,6,20,5,0,62.2,1,historical_backfill,2025-07-22,68.05,6.0,3.11,12.67,0.73,1.62,-2.2,2.2,1.69,-2.2,2.72,-2.2,0,0,tamamlandı
2,MGROS,True,True,GÜÇLÜ ADAY,81,520.0,2017336,903359625.49,63.57,2.73,5.39,1.1,1.25,1.16,14.79,0.69,0.31,-0.19,1.36,7.0,4.16,13.79,EMA20 üzerinde | Orta vadeli trend pozitif | EMA20 eğimi yukarı | Hacim ortalamanın üzerinde 1.10x | Hacim birikimi var | Fiyat gitmeden sessiz hacim artışı | Güçlü sıkışma %14.8 | Volatilite daralıyor | RSI sağlıklı bölgede 63.6 | Erken momentum,Belirgin risk yok,20,20,15,6,15,5,0,55.1,0,historical_backfill,2025-07-22,520.0,7.0,4.16,13.79,-0.29,2.12,1.73,1.44,2.79,-0.29,2.79,-0.29,0,0,tamamlandı
3,FROTO,True,True,GÜÇLÜ ADAY,71,93.75,21176101,1301086709.56,56.59,3.14,1.82,1.5,1.22,1.31,19.84,0.59,0.41,5.06,1.41,-2.39,1.35,10.29,EMA20 üzerinde | Orta vadeli trend pozitif | EMA20 eğimi yukarı | Hacim ortalamanın üzerinde 1.50x | Hacim birikimi var | Fiyat gitmeden sessiz hacim artışı | Kontrollü bant %19.8 | Volatilite daralıyor | RSI sağlıklı bölgede 56.6,Belirgin risk yok,20,20,11,0,15,5,0,48.9,0,historical_backfill,2025-07-22,93.75,-2.39,1.35,10.29,-0.43,-1.44,-2.4,8.37,0.59,-2.4,8.37,-2.4,0,1,tamamlandı
1,ISCTR,True,True,GÜÇLÜ ADAY,70,15.31,341117060,5941945740.66,69.05,2.58,6.08,0.84,0.8,3.03,12.65,0.95,0.05,1.16,1.12,6.99,5.15,10.78,EMA20 üzerinde | Orta vadeli trend pozitif | EMA20 eğimi yukarı | Yükselen gün hacmi baskın | Güçlü sıkışma %12.7 | Volatilite daralıyor | Güçlü kapanış | Erken momentum | 20 günlük dirence yakın,Belirgin risk yok,20,7,15,10,13,5,0,46.2,0,historical_backfill,2025-08-05,15.31,6.99,5.15,10.78,-1.83,-2.61,-3.79,-5.68,-1.11,-3.79,-1.11,-5.81,0,0,tamamlandı
2,HALKB,True,True,GÜÇLÜ ADAY,67,29.02,52544979,1090367637.71,74.07,2.98,8.32,1.3,0.66,1.94,15.98,0.87,0.13,-0.69,3.64,7.32,8.61,10.76,EMA20 üzerinde | Orta vadeli trend pozitif | EMA20 eğimi yukarı | Hacim ortalamanın üzerinde 1.30x | Yükselen gün hacmi baskın | Kontrollü bant %16.0 | Volatilite daralıyor | Güçlü kapanış | Erken momentum,Belirgin risk yok,20,13,11,10,8,5,0,44.8,0,historical_backfill,2025-08-05,29.02,7.32,8.61,10.76,-2.55,-4.41,-6.55,-7.51,-2.55,-6.55,-2.55,-7.51,0,0,tamamlandı
3,VAKBN,True,True,GÜÇLÜ ADAY,67,29.42,21178268,584814248.51,67.21,2.76,4.35,1.03,0.63,4.03,11.9,0.57,0.43,0.74,0.41,3.96,4.18,7.69,EMA20 üzerinde | Orta vadeli trend pozitif | EMA20 eğimi yukarı | Yükselen gün hacmi baskın | Güçlü sıkışma %11.9 | Volatilite daralıyor | RSI sağlıklı bölgede 67.2 | Erken momentum | 20 günlük dirence yakın,Belirgin risk yok,20,7,15,0,20,5,0,44.4,0,historical_backfill,2025-08-05,29.42,3.96,4.18,7.69,-0.14,-2.18,-5.78,-5.98,-0.14,-5.78,-0.14,-7.82,0,0,tamamlandı
1,AEFES,True,True,ELİT ADAY,87,17.49,81652386,1202557386.02,65.29,3.45,6.45,1.11,1.8,3.38,17.84,0.81,0.19,1.19,2.28,3.13,11.47,12.19,EMA20 üzerinde | Orta vadeli trend pozitif | EMA20 eğimi yukarı | Hacim ortalamanın üzerinde 1.11x | 10 günlük hacim birikimi güçlü | Yükselen gün hacmi baskın | Fiyat gitmeden sessiz hacim artışı | Kontrollü bant %17.8 | Güçlü kapanış | RSI sağlıklı bölgede 65.3 | Erken momentum | 20 günlük dirence yakın,Belirgin risk yok,20,26,6,10,20,5,0,60.85,1,historical_backfill,2025-08-19,17.49,3.13,11.47,12.19,1.94,1.43,0.11,-10.01,2.63,0.11,2.63,-10.01,0,0,tamamlandı
2,ENJSA,True,True,ELİT ADAY,82,71.45,3758028,223807770.22,71.94,2.64,7.1,1.12,1.44,1.5,13.05,0.76,0.24,0.63,0.63,7.93,6.88,8.75,EMA20 üzerinde | Orta vadeli trend pozitif | EMA20 eğimi yukarı | Hacim ortalamanın üzerinde 1.12x | 10 günlük hacim birikimi güçlü | Yükselen gün hacmi baskın | Fiyat gitmeden sessiz hacim artışı | Güçlü sıkışma %13.1 | Güçlü kapanış | Erken momentum | 20 günlük dirence yakın,Belirgin risk yok,20,26,10,8,13,5,0,58.05,1,historical_backfill,2025-08-19,71.45,7.93,6.88,8.75,-0.63,0.7,5.67,0.98,5.67,-0.63,10.57,-0.63,1,1,tamamlandı
3,KLRHO,True,True,GÜÇLÜ ADAY,75,69.45,2247030,84146968.12,58.06,5.55,5.91,1.75,0.63,3.21,19.5,0.77,0.23,3.54,7.42,7.67,4.67,1.24,EMA20 üzerinde | Orta vadeli trend pozitif | EMA20 eğimi yukarı | Güçlü hacim 1.75x | Yükselen gün hacmi baskın | Kontrollü bant %19.5 | Volatilite daralıyor | Güçlü kapanış | RSI sağlıklı bölgede 58.1 | Erken momentum | 20 günlük dirence yakın,Belirgin risk yok,16,17,11,8,20,3,0,49.9,0,historical_backfill,2025-08-19,69.45,7.67,4.67,1.24,-9.0,-8.42,-3.17,-7.85,-3.17,-9.0,-3.17,-9.0,0,0,tamamlandı
1,GUBRF,True,True,GÜÇLÜ ADAY,76,285.5,3373011,729913225.08,59.99,3.34,2.14,1.29,1.19,2.55,14.25,0.51,0.49,5.07,-2.31,-3.22,5.64,8.56,EMA20 üzerinde | Orta vadeli trend pozitif | EMA20 eğimi yukarı | Hacim ortalamanın üzerinde 1.29x | Hacim birikimi var | Yükselen gün hacmi baskın | Fiyat gitmeden sessiz hacim artışı | Güçlü sıkışma %14.2 | Volatilite daralıyor | RSI sağlıklı bölgede 60.0,Belirgin risk yok,20,23,15,0,13,5,0,54.4,0,historical_backfill,2025-09-02,285.5,-3.22,5.64,8.56,0.53,-5.6,-5.95,-2.45,0.53,-5.95,0.53,-9.11,0,0,tamamlandı
1,GARAN,True,True,ELİT ADAY,86,149.8,40932468,4564091882.06,60.03,3.57,5.19,1.28,1.86,2.4,14.54,0.98,0.02,1.45,2.39,8.47,6.54,4.76,EMA20 üzerinde | Orta vadeli trend pozitif | EMA20 eğimi yukarı | Hacim ortalamanın üzerinde 1.28x | 10 günlük hacim birikimi güçlü | Yükselen gün hacmi baskın | Fiyat gitmeden sessiz hacim artışı | Güçlü sıkışma %14.5 | Güçlü kapanış | RSI sağlıklı bölgede 60.0 | 20 günlük dirence yakın,Belirgin risk yok,20,26,10,10,15,5,0,60.45,1,historical_backfill,2025-09-16,149.8,8.47,6.54,4.76,-0.87,-1.2,-2.2,-6.68,-0.13,-4.14,-0.13,-8.14,0,0,tamamlandı
2,ISCTR,True,True,ELİT ADAY,82,14.93,684089109,6511558040.9,58.36,3.72,4.36,1.51,1.91,4.69,19.2,0.82,0.18,3.43,0.4,9.54,8.11,3.39,EMA20 üzerinde | Orta vadeli trend pozitif | EMA20 eğimi yukarı | Güçlü hacim 1.51x | 10 günlük hacim birikimi güçlü | Yükselen gün hacmi baskın | Fiyat gitmeden sessiz hacim artışı | Kontrollü bant %19.2 | Güçlü kapanış | RSI sağlıklı bölgede 58.4 | 20 günlük dirence yakın,Belirgin risk yok,16,30,6,10,15,5,0,58.05,1,historical_backfill,2025-09-16,14.93,9.54,8.11,3.39,0.6,0.94,-0.54,-5.22,1.81,-3.22,1.81,-5.49,0,0,tamamlandı
3,YKBNK,True,True,GÜÇLÜ ADAY,78,34.04,263035946,7302607178.95,60.43,3.75,6.11,1.15,2.02,1.96,19.11,0.96,0.04,2.13,3.09,10.38,7.79,5.13,EMA20 üzerinde | Orta vadeli trend pozitif | EMA20 eğimi yukarı | Hacim ortalamanın üzerinde 1.15x | 10 günlük hacim birikimi güçlü | Yükselen gün hacmi baskın | Fiyat gitmeden sessiz hacim artışı | Kontrollü bant %19.1 | Güçlü kapanış | RSI sağlıklı bölgede 60.4 | 20 günlük dirence yakın,Belirgin risk yok,16,26,6,10,15,5,0,51.25,0,historical_backfill,2025-09-16,34.04,10.38,7.79,5.13,0.88,1.88,2.76,-0.29,4.52,-1.53,4.52,-1.53,1,0,tamamlandı
1,ISDMR,True,True,GÜÇLÜ ADAY,79,38.38,1637137,130631495.73,50.93,2.88,0.45,0.48,2.1,2.0,15.81,0.84,0.16,6.12,1.64,-3.37,3.39,0.68,EMA20 üzerinde | Orta vadeli trend pozitif | EMA20 eğimi yukarı | 10 günlük hacim birikimi güçlü | Yükselen gün hacmi baskın | Fiyat gitmeden sessiz hacim artışı | Kontrollü bant %15.8 | Volatilite daralıyor | Güçlü kapanış | RSI sağlıklı bölgede 50.9,Belirgin risk yok,20,20,11,10,13,5,0,55.7,0,historical_backfill,2025-09-30,38.38,-3.37,3.39,0.68,-0.21,-0.63,-1.46,-6.31,-0.21,-1.46,-0.21,-6.31,0,0,tamamlandı
2,TCELL,True,True,GÜÇLÜ ADAY,72,97.85,31907935,2473598719.25,58.64,2.45,2.12,1.21,0.77,2.74,15.22,0.62,0.38,2.44,0.57,-1.21,2.78,7.29,EMA20 üzerinde | Orta vadeli trend pozitif | EMA20 eğimi yukarı | Hacim ortalamanın üzerinde 1.21x | Yükselen gün hacmi baskın | Kontrollü bant %15.2 | Volatilite daralıyor | RSI sağlıklı bölgede 58.6 | 20 günlük dirence yakın,Belirgin risk yok,20,13,11,6,17,5,0,47.8,0,historical_backfill,2025-09-30,97.85,-1.21,2.78,7.29,1.69,0.26,2.61,-7.15,3.63,0.26,3.63,-7.15,1,0,tamamlandı
3,ENJSA,True,True,GÜÇLÜ ADAY,67,79.55,4603947,235593090.48,61.81,3.62,5.35,1.45,0.91,1.4,20.7,0.74,0.26,2.21,2.05,3.38,4.67,10.26,EMA20 üzerinde | Orta vadeli trend pozitif | EMA20 eğimi yukarı | Hacim ortalamanın üzerinde 1.45x | Kontrollü bant %20.7 | RSI sağlıklı bölgede 61.8 | Erken momentum | 20 günlük dirence yakın,Belirgin risk yok,20,10,6,6,20,5,0,42.25,0,historical_backfill,2025-09-30,79.55,3.38,4.67,10.26,2.07,1.95,0.63,-1.38,3.71,0.63,5.59,-1.38,1,1,tamamlandı
1,AEFES,True,True,GÜÇLÜ ADAY,81,14.52,20583147,1058782084.36,52.21,3.57,1.8,0.27,1.33,1.7,10.7,1.0,0.0,1.89,0.76,1.68,8.44,4.99,EMA20 üzerinde | EMA20 eğimi yukarı | Hacim birikimi var | Yükselen gün hacmi baskın | Fiyat gitmeden sessiz hacim artışı | Güçlü sıkışma %10.7 | Volatilite daralıyor | Güçlü kapanış | RSI sağlıklı bölgede 52.2 | Erken momentum | 20 günlük dirence yakın,Belirgin risk yok,14,17,15,10,20,5,0,56.5,0,historical_backfill,2025-10-28,14.52,1.68,8.44,4.99,-0.55,1.17,1.86,-1.17,1.86,-0.83,2.2,-2.82,0,0,tamamlandı
2,TRGYO,True,True,GÜÇLÜ ADAY,74,76.55,265517,131909379.94,57.23,2.55,1.87,0.15,0.89,2.0,7.64,0.96,0.04,1.23,0.26,-0.2,3.1,2.41,EMA20 üzerinde | Orta vadeli trend pozitif | EMA20 eğimi yukarı | Yükselen gün hacmi baskın | Güçlü sıkışma %7.6 | Volatilite daralıyor | Güçlü kapanış | RSI sağlıklı bölgede 57.2 | 20 günlük dirence yakın,Belirgin risk yok,20,7,15,10,17,5,0,48.6,0,historical_backfill,2025-10-28,76.55,-0.2,3.1,2.41,1.44,1.76,3.92,-1.37,3.92,0.33,5.29,-1.37,1,1,tamamlandı
3,KTLEV,True,True,GÜÇLÜ ADAY,76,13.45,42942311,501959934.42,57.19,5.08,3.21,1.11,0.58,0.95,13.5,0.8,0.2,3.03,3.7,3.14,3.86,1.13,EMA20 üzerinde | Orta vadeli trend pozitif | EMA20 eğimi yukarı | Hacim ortalamanın üzerinde 1.11x | Güçlü sıkışma %13.5 | Volatilite daralıyor | Güçlü kapanış | RSI sağlıklı bölgede 57.2 | Erken momentum | 20 günlük dirence yakın,Belirgin risk yok,20,6,15,10,20,5,0,47.7,0,historical_backfill,2025-10-28,13.45,3.14,3.86,1.13,5.43,4.76,10.26,18.14,10.26,4.16,23.94,4.16,1,1,tamamlandı
1,GUBRF,True,True,ELİT ADAY,85,319.25,4912870,864828567.9,61.1,4.25,6.19,1.7,1.44,1.7,22.73,0.96,0.04,0.62,5.98,6.24,3.99,14.84,EMA20 üzerinde | Orta vadeli trend pozitif | EMA20 eğimi yukarı | Güçlü hacim 1.70x | 10 günlük hacim birikimi güçlü | Yükselen gün hacmi baskın | Fiyat gitmeden sessiz hacim artışı | Güçlü kapanış | RSI sağlıklı bölgede 61.1 | Erken momentum | 20 günlük dirence yakın,Belirgin risk yok,20,30,0,10,20,5,0,59.75,1,historical_backfill,2025-11-12,319.25,6.24,3.99,14.84,-1.17,2.74,5.48,3.45,5.48,-1.57,5.72,-1.57,1,1,tamamlandı
2,TUPRS,True,True,GÜÇLÜ ADAY,68,195.1,16057179,3895537023.35,56.34,3.26,1.96,0.78,1.23,1.07,18.09,0.98,0.02,3.27,1.4,-0.15,-0.81,12.06,EMA20 üzerinde | Orta vadeli trend pozitif | EMA20 eğimi yukarı | Hacim birikimi var | Fiyat gitmeden sessiz hacim artışı | Kontrollü bant %18.1 | Güçlü kapanış | RSI sağlıklı bölgede 56.3 | 20 günlük dirence yakın,Belirgin risk yok,20,10,6,10,17,5,0,45.85,0,historical_backfill,2025-11-12,195.1,-0.15,-0.81,12.06,1.33,3.38,5.84,-1.08,5.84,1.33,5.84,-2.61,1,1,tamamlandı
3,VAKBN,True,True,GÜÇLÜ ADAY,67,26.04,66181273,1223073941.13,59.17,3.57,5.23,1.32,1.11,2.47,22.45,0.86,0.14,0.46,4.75,2.28,9.23,18.04,EMA20 üzerinde | EMA20 eğimi yukarı | Hacim ortalamanın üzerinde 1.32x | Yükselen gün hacmi baskın | Volatilite daralıyor | Güçlü kapanış | RSI sağlıklı bölgede 59.2 | Erken momentum | 20 günlük dirence yakın,Belirgin risk yok,14,13,5,10,20,5,0,44.2,0,historical_backfill,2025-11-12,26.04,2.28,9.23,18.04,2.61,3.99,0.0,6.37,3.99,0.0,6.37,0.0,1,1,tamamlandı
1,OYAKC,True,True,GÜÇLÜ ADAY,75,23.02,69811012,835582206.94,64.32,3.0,5.32,1.83,1.08,2.77,12.56,0.77,0.23,-1.77,3.79,5.89,6.48,5.6,EMA20 üzerinde | Orta vadeli trend pozitif | EMA20 eğimi yukarı | Güçlü hacim 1.83x | Yükselen gün hacmi baskın | Güçlü sıkışma %12.6 | Güçlü kapanış | RSI sağlıklı bölgede 64.3 | Erken momentum,Belirgin risk yok,20,17,10,8,15,5,0,49.95,0,historical_backfill,2025-11-26,23.02,5.89,6.48,5.6,1.48,4.6,7.47,9.56,7.47,0.26,11.47,0.26,1,1,tamamlandı
2,YKBNK,True,True,GÜÇLÜ ADAY,73,34.7,180743823,5906660317.02,62.81,3.14,4.58,1.02,0.88,3.05,12.23,0.73,0.27,1.03,0.46,2.97,7.7,7.23,EMA20 üzerinde | Orta vadeli trend pozitif | EMA20 eğimi yukarı | Yükselen gün hacmi baskın | Güçlü sıkışma %12.2 | Volatilite daralıyor | RSI sağlıklı bölgede 62.8 | Erken momentum | 20 günlük dirence yakın,Belirgin risk yok,20,7,15,6,20,5,0,48.0,0,historical_backfill,2025-11-26,34.7,2.97,7.7,7.23,0.98,6.34,6.51,3.63,6.51,0.98,6.51,0.98,1,1,tamamlandı
3,GARAN,True,True,GÜÇLÜ ADAY,67,137.6,27146020,4460505337.87,59.95,2.9,3.75,0.81,0.66,2.64,11.84,0.65,0.35,0.94,0.58,3.77,6.58,7.5,EMA20 üzerinde | EMA20 eğimi yukarı | Yükselen gün hacmi baskın | Güçlü sıkışma %11.8 | Volatilite daralıyor | RSI sağlıklı bölgede 59.9 | Erken momentum | 20 günlük dirence yakın,Belirgin risk yok,14,7,15,6,20,5,0,44.1,0,historical_backfill,2025-11-26,137.6,3.77,6.58,7.5,0.87,3.78,3.05,1.53,3.78,0.87,3.78,-0.15,1,0,tamamlandı
1,CCOLA,True,True,GÜÇLÜ ADAY,68,55.3,13452827,335789071.45,61.27,2.72,4.06,2.16,0.74,1.5,11.47,0.53,0.47,1.86,3.36,6.65,3.95,0.55,EMA20 üzerinde | Orta vadeli trend pozitif | Güçlü hacim 2.16x | Yükselen gün hacmi baskın | Güçlü sıkışma %11.5 | RSI sağlıklı bölgede 61.3 | Erken momentum | 20 günlük dirence yakın,Belirgin risk yok,16,17,10,0,20,5,0,45.55,0,historical_backfill,2025-12-10,55.3,6.65,3.95,0.55,2.17,9.22,7.59,6.96,9.76,2.17,9.76,2.17,1,1,tamamlandı
1,MGROS,True,True,GÜÇLÜ ADAY,75,539.0,3713301,1374199161.78,58.78,2.44,2.17,1.42,0.98,2.05,11.18,0.95,0.05,3.23,2.96,-0.19,3.95,2.28,EMA20 üzerinde | Orta vadeli trend pozitif | EMA20 eğimi yukarı | Hacim ortalamanın üzerinde 1.42x | Yükselen gün hacmi baskın | Güçlü sıkışma %11.2 | Güçlü kapanış | RSI sağlıklı bölgede 58.8 | 20 günlük dirence yakın,Belirgin risk yok,20,13,10,10,17,5,0,49.55,0,historical_backfill,2025-12-24,539.0,-0.19,3.95,2.28,-2.97,-3.8,-3.15,9.09,-2.97,-4.27,9.09,-4.27,0,1,tamamlandı
2,SAHOL,True,True,GÜÇLÜ ADAY,77,85.15,50893005,2618162020.62,54.15,2.72,1.03,1.65,0.84,0.96,8.72,0.86,0.14,3.13,2.9,-1.56,-0.12,4.41,EMA20 üzerinde | Orta vadeli trend pozitif | EMA20 eğimi yukarı | Güçlü hacim 1.65x | Güçlü sıkışma %8.7 | Volatilite daralıyor | Güçlü kapanış | RSI sağlıklı bölgede 54.2 | 20 günlük dirence yakın,Belirgin risk yok,20,10,15,10,17,5,0,48.7,0,historical_backfill,2025-12-24,85.15,-1.56,-0.12,4.41,-0.65,-1.41,-1.06,6.93,-0.65,-1.94,8.04,-1.94,0,1,tamamlandı
3,KCHOL,True,True,GÜÇLÜ ADAY,69,172.9,43723715,5350466967.97,52.29,2.29,0.49,1.41,1.01,1.0,6.33,0.81,0.19,2.92,2.67,-1.09,0.23,2.92,EMA20 üzerinde | Orta vadeli trend pozitif | Hacim ortalamanın üzerinde 1.41x | Güçlü sıkışma %6.3 | Volatilite daralıyor | Güçlü kapanış | RSI sağlıklı bölgede 52.3 | 20 günlük dirence yakın,Belirgin risk yok,16,6,15,10,17,5,0,43.3,0,historical_backfill,2025-12-24,172.9,-1.09,0.23,2.92,-1.1,-3.18,-2.37,5.84,-1.1,-3.18,7.06,-3.18,0,1,tamamlandı
1,THYAO,True,True,GÜÇLÜ ADAY,74,294.5,60705169,9705216385.15,71.6,1.97,6.24,1.74,1.2,5.83,12.56,0.86,0.14,0.25,1.29,9.68,8.57,8.87,EMA20 üzerinde | EMA20 eğimi yukarı | Güçlü hacim 1.74x | Hacim birikimi var | Yükselen gün hacmi baskın | Fiyat gitmeden sessiz hacim artışı | Güçlü sıkışma %12.6 | Güçlü kapanış | 20 günlük dirence yakın,Belirgin risk yok,14,27,10,10,8,5,0,53.05,0,historical_backfill,2026-01-08,294.5,9.68,8.57,8.87,-1.02,-2.55,-2.29,1.53,-1.02,-4.84,1.53,-4.84,0,0,tamamlandı
2,TRGYO,True,True,GÜÇLÜ ADAY,73,78.6,1664271,144282983.52,69.59,2.24,5.19,0.86,1.31,2.24,12.66,0.79,0.21,0.76,0.77,6.22,7.89,6.36,EMA20 üzerinde | Orta vadeli trend pozitif | EMA20 eğimi yukarı | Hacim birikimi var | Yükselen gün hacmi baskın | Fiyat gitmeden sessiz hacim artışı | Güçlü sıkışma %12.7 | Güçlü kapanış | Erken momentum | 20 günlük dirence yakın,Belirgin risk yok,20,17,10,8,13,5,0,51.75,0,historical_backfill,2026-01-08,78.6,6.22,7.89,6.36,0.25,-0.32,0.64,3.31,2.67,-1.72,4.45,-1.72,0,0,tamamlandı
3,ENKAI,True,True,GÜÇLÜ ADAY,78,82.7,10070033,627819852.02,64.51,2.29,3.5,1.28,0.85,3.68,7.64,0.87,0.13,0.06,1.72,4.88,5.96,2.35,EMA20 üzerinde | Orta vadeli trend pozitif | EMA20 eğimi yukarı | Hacim ortalamanın üzerinde 1.28x | Yükselen gün hacmi baskın | Güçlü sıkışma %7.6 | Güçlü kapanış | RSI sağlıklı bölgede 64.5 | Erken momentum | 20 günlük dirence yakın,Belirgin risk yok,20,13,10,10,20,5,0,51.35,0,historical_backfill,2026-01-08,82.7,4.88,5.96,2.35,-1.57,-2.12,-2.12,-0.67,-1.57,-3.26,1.57,-3.26,0,0,tamamlandı
1,EREGL,True,True,ELİT ADAY,91,26.76,209664977,4049143446.73,66.71,2.19,5.82,1.3,1.36,2.57,14.32,0.93,0.07,0.0,3.24,5.02,8.25,10.76,EMA20 üzerinde | Orta vadeli trend pozitif | EMA20 eğimi yukarı | Hacim ortalamanın üzerinde 1.30x | 10 günlük hacim birikimi güçlü | Yükselen gün hacmi baskın | Fiyat gitmeden sessiz hacim artışı | Güçlü sıkışma %14.3 | Güçlü kapanış | RSI sağlıklı bölgede 66.7 | Erken momentum | 20 günlük dirence yakın,Belirgin risk yok,20,26,10,10,20,5,0,63.45,1,historical_backfill,2026-01-22,26.76,5.02,8.25,10.76,1.12,2.54,6.43,7.25,6.43,1.12,7.7,1.12,1,1,tamamlandı
2,DOCO,True,True,ELİT ADAY,92,10630.0,10113,54158056.5,58.42,3.27,3.12,1.95,1.28,1.37,12.77,0.89,0.11,3.34,4.81,3.33,1.05,5.85,EMA20 üzerinde | Orta vadeli trend pozitif | EMA20 eğimi yukarı | Güçlü hacim 1.95x | Hacim birikimi var | Fiyat gitmeden sessiz hacim artışı | Güçlü sıkışma %12.8 | Volatilite daralıyor | Güçlü kapanış | RSI sağlıklı bölgede 58.4 | Erken momentum | 20 günlük dirence yakın,Belirgin risk yok,20,24,15,10,20,3,0,62.2,1,historical_backfill,2026-01-22,10630.0,3.33,1.05,5.85,-3.03,-1.93,-4.02,-6.98,-1.93,-4.68,-1.93,-6.98,0,0,tamamlandı
3,THYAO,True,True,ELİT ADAY,87,299.0,63538093,13181394451.5,65.04,2.17,4.26,1.39,1.54,1.52,14.56,0.68,0.32,0.25,0.67,3.91,1.53,10.23,EMA20 üzerinde | Orta vadeli trend pozitif | EMA20 eğimi yukarı | Hacim ortalamanın üzerinde 1.39x | 10 günlük hacim birikimi güçlü | Yükselen gün hacmi baskın | Fiyat gitmeden sessiz hacim artışı | Güçlü sıkışma %14.6 | RSI sağlıklı bölgede 65.0 | Erken momentum | 20 günlük dirence yakın,Belirgin risk yok,20,26,10,6,20,5,0,61.05,1,historical_backfill,2026-01-22,299.0,3.91,1.53,10.23,0.67,-1.59,1.09,6.02,1.09,-1.59,7.19,-1.59,0,1,tamamlandı
1,DOCO,True,True,GÜÇLÜ ADAY,79,11070.0,7959,84521412.62,62.4,3.5,5.87,0.98,1.75,2.95,17.76,0.81,0.19,2.1,0.91,3.39,11.96,4.14,EMA20 üzerinde | Orta vadeli trend pozitif | EMA20 eğimi yukarı | 10 günlük hacim birikimi güçlü | Yükselen gün hacmi baskın | Fiyat gitmeden sessiz hacim artışı | Kontrollü bant %17.8 | Güçlü kapanış | RSI sağlıklı bölgede 62.4 | Erken momentum | 20 günlük dirence yakın,Belirgin risk yok,20,20,6,10,20,3,0,55.55,0,historical_backfill,2026-02-19,11070.0,3.39,11.96,4.14,-1.54,-0.16,1.9,-11.0,2.8,-1.54,2.8,-15.76,0,0,tamamlandı
2,OZATD,True,True,GÜÇLÜ ADAY,71,182.3,1563811,134359837.65,65.49,4.25,9.06,1.97,3.77,2.51,21.99,0.72,0.28,-0.5,2.88,4.05,17.16,16.11,EMA20 üzerinde | EMA20 eğimi yukarı | Güçlü hacim 1.97x | 10 günlük hacim birikimi güçlü | Yükselen gün hacmi baskın | Kontrollü bant %22.0 | RSI sağlıklı bölgede 65.5 | Erken momentum,Belirgin risk yok,14,25,6,6,15,5,0,47.85,0,historical_backfill,2026-02-19,182.3,4.05,17.16,16.11,-1.32,2.85,5.98,11.35,5.98,-1.32,11.35,-1.32,1,1,tamamlandı
1,TUPRS,True,True,GÜÇLÜ ADAY,74,246.8,45689115,7395196723.56,67.47,3.47,9.31,1.39,1.26,2.14,16.47,0.95,0.05,-2.92,6.84,14.31,11.42,8.96,EMA20 üzerinde | Orta vadeli trend pozitif | EMA20 eğimi yukarı | Hacim ortalamanın üzerinde 1.39x | Hacim birikimi var | Yükselen gün hacmi baskın | Fiyat gitmeden sessiz hacim artışı | Kontrollü bant %16.5 | Güçlü kapanış | RSI sağlıklı bölgede 67.5,Belirgin risk yok,20,23,6,10,10,5,0,48.75,0,historical_backfill,2026-03-05,246.8,14.31,11.42,8.96,4.54,0.49,7.27,2.61,7.27,0.49,7.27,0.49,1,1,tamamlandı
1,BIMAS,True,True,GÜÇLÜ ADAY,65,346.0,5221776,3720581083.32,55.25,3.7,2.15,0.47,0.84,1.88,18.68,1.0,0.0,4.02,2.52,-2.33,7.29,0.29,EMA20 üzerinde | Orta vadeli trend pozitif | EMA20 eğimi yukarı | Yükselen gün hacmi baskın | Kontrollü bant %18.7 | Güçlü kapanış | RSI sağlıklı bölgede 55.2 | 20 günlük dirence yakın,Belirgin risk yok,20,7,6,10,17,5,0,42.75,0,historical_backfill,2026-03-19,346.0,-2.33,7.29,0.29,0.0,1.88,-3.11,-0.14,1.88,-3.11,1.88,-3.11,0,0,tamamlandı
1,TRGYO,True,True,GÜÇLÜ ADAY,78,88.9,990382,131818687.6,62.63,2.94,4.15,0.64,1.34,5.2,17.5,0.8,0.2,0.45,0.23,5.02,5.52,10.57,EMA20 üzerinde | Orta vadeli trend pozitif | EMA20 eğimi yukarı | Hacim birikimi var | Yükselen gün hacmi baskın | Fiyat gitmeden sessiz hacim artışı | Kontrollü bant %17.5 | Güçlü kapanış | RSI sağlıklı bölgede 62.6 | Erken momentum | 20 günlük dirence yakın,Belirgin risk yok,20,17,6,10,20,5,0,54.55,0,historical_backfill,2026-04-03,88.9,5.02,5.52,10.57,1.8,-0.22,1.91,4.56,1.91,-0.22,4.56,-0.22,0,0,tamamlandı
2,SELEC,True,True,GÜÇLÜ ADAY,74,82.2,1963769,78171434.35,50.81,3.58,0.68,2.04,1.26,1.75,12.64,0.69,0.31,4.31,1.23,0.86,2.56,-2.89,EMA20 üzerinde | Güçlü hacim 2.04x | Hacim birikimi var | Yükselen gün hacmi baskın | Fiyat gitmeden sessiz hacim artışı | Güçlü sıkışma %12.6 | Volatilite daralıyor | RSI sağlıklı bölgede 50.8 | Erken momentum | 20 günlük dirence yakın,Belirgin risk yok,6,27,15,6,17,3,0,53.0,0,historical_backfill,2026-04-03,82.2,0.86,2.56,-2.89,0.3,3.83,4.93,9.98,4.93,-1.76,9.98,-1.76,1,1,tamamlandı
3,EREGL,True,True,GÜÇLÜ ADAY,75,29.2,202951613,3065080823.5,54.14,3.58,2.52,1.88,0.83,1.83,11.5,0.64,0.36,1.42,3.55,4.66,4.66,1.11,EMA20 üzerinde | Orta vadeli trend pozitif | Güçlü hacim 1.88x | Yükselen gün hacmi baskın | Güçlü sıkışma %11.5 | Volatilite daralıyor | RSI sağlıklı bölgede 54.1 | Erken momentum | 20 günlük dirence yakın,Belirgin risk yok,12,17,15,6,20,5,0,49.8,0,historical_backfill,2026-04-03,29.2,4.66,4.66,1.11,2.95,1.3,7.19,9.73,7.19,-1.23,9.73,-1.23,1,1,tamamlandı
1,FROTO,True,True,ELİT ADAY,91,109.3,23426487,1516789320.54,57.01,3.22,4.0,1.61,1.78,2.48,13.21,1.0,0.0,0.46,3.21,3.8,9.74,-0.46,EMA20 üzerinde | EMA20 eğimi yukarı | Güçlü hacim 1.61x | 10 günlük hacim birikimi güçlü | Yükselen gün hacmi baskın | Fiyat gitmeden sessiz hacim artışı | Güçlü sıkışma %13.2 | Volatilite daralıyor | Güçlü kapanış | RSI sağlıklı bölgede 57.0 | Erken momentum | 20 günlük dirence yakın,Belirgin risk yok,14,30,15,10,17,5,0,63.8,1,historical_backfill,2026-04-17,109.3,3.8,9.74,-0.46,-1.65,-6.4,-6.13,-10.29,-1.65,-6.4,-1.65,-12.17,0,0,tamamlandı
2,AEFES,True,True,ELİT ADAY,86,19.42,79553956,886414280.2,61.0,3.99,7.3,1.61,1.61,1.51,20.25,1.0,0.0,-0.26,4.52,0.62,10.97,10.84,EMA20 üzerinde | Orta vadeli trend pozitif | EMA20 eğimi yukarı | Güçlü hacim 1.61x | 10 günlük hacim birikimi güçlü | Yükselen gün hacmi baskın | Fiyat gitmeden sessiz hacim artışı | Kontrollü bant %20.2 | Güçlü kapanış | RSI sağlıklı bölgede 61.0 | Erken momentum,Belirgin risk yok,20,30,6,10,15,5,0,60.65,1,historical_backfill,2026-04-17,19.42,0.62,10.97,10.84,-1.39,-1.13,-0.93,-0.41,-0.1,-1.6,-0.1,-4.17,0,0,tamamlandı
3,ISDMR,True,True,ELİT ADAY,86,46.6,4652684,167143751.83,66.88,2.9,7.31,1.2,1.53,2.72,12.78,1.0,0.0,-3.05,6.64,4.02,9.91,10.17,EMA20 üzerinde | Orta vadeli trend pozitif | EMA20 eğimi yukarı | Hacim ortalamanın üzerinde 1.20x | 10 günlük hacim birikimi güçlü | Yükselen gün hacmi baskın | Fiyat gitmeden sessiz hacim artışı | Güçlü sıkışma %12.8 | Güçlü kapanış | RSI sağlıklı bölgede 66.9 | Erken momentum,Belirgin risk yok,20,26,10,10,15,5,0,60.45,1,historical_backfill,2026-04-17,46.6,4.02,9.91,10.17,-1.85,-3.35,-2.88,13.52,-1.85,-3.56,13.52,-5.79,0,1,tamamlandı
1,ENJSA,True,True,ELİT ADAY,87,122.8,7918277,537508916.38,54.19,3.83,1.51,1.79,1.05,1.57,10.83,0.89,0.11,3.99,0.24,4.78,-1.76,3.37,EMA20 üzerinde | Orta vadeli trend pozitif | EMA20 eğimi yukarı | Güçlü hacim 1.79x | Yükselen gün hacmi baskın | Güçlü sıkışma %10.8 | Volatilite daralıyor | Güçlü kapanış | RSI sağlıklı bölgede 54.2 | Erken momentum | 20 günlük dirence yakın,Belirgin risk yok,20,17,15,10,20,5,0,57.4,1,historical_backfill,2026-05-01,122.8,4.78,-1.76,3.37,0.98,-4.32,-1.87,-6.19,0.98,-4.32,0.98,-6.19,0,0,tamamlandı
2,SISE,True,True,GÜÇLÜ ADAY,76,47.86,70282661,2519817191.91,56.5,3.36,2.48,1.31,0.79,0.89,12.91,0.91,0.09,2.6,4.32,0.97,-0.75,7.26,EMA20 üzerinde | Orta vadeli trend pozitif | EMA20 eğimi yukarı | Hacim ortalamanın üzerinde 1.31x | Güçlü sıkışma %12.9 | Volatilite daralıyor | Güçlü kapanış | RSI sağlıklı bölgede 56.5 | Erken momentum | 20 günlük dirence yakın,Belirgin risk yok,20,6,15,10,20,5,0,47.7,0,historical_backfill,2026-05-01,47.86,0.97,-0.75,7.26,-3.89,3.68,8.23,0.71,8.23,-3.89,9.38,-3.89,1,1,tamamlandı
3,TOASO,True,True,GÜÇLÜ ADAY,67,294.5,3352664,990804526.38,53.26,3.7,1.43,0.97,1.02,1.58,20.24,0.94,0.06,2.81,-0.76,0.51,-1.51,8.07,EMA20 üzerinde | EMA20 eğimi yukarı | Yükselen gün hacmi baskın | Kontrollü bant %20.2 | Volatilite daralıyor | Güçlü kapanış | RSI sağlıklı bölgede 53.3 | Erken momentum | 20 günlük dirence yakın,Belirgin risk yok,14,7,11,10,20,5,0,43.9,0,historical_backfill,2026-05-01,294.5,0.51,-1.51,8.07,-2.89,6.11,8.74,2.55,8.91,-2.89,8.91,-2.89,1,1,tamamlandı
1,CCOLA,True,True,GÜÇLÜ ADAY,73,82.95,4299488,527597960.79,60.06,3.87,3.01,0.67,2.35,2.42,24.15,1.0,0.0,7.01,-0.06,-4.27,10.6,8.72,EMA20 üzerinde | Orta vadeli trend pozitif | EMA20 eğimi yukarı | 10 günlük hacim birikimi güçlü | Yükselen gün hacmi baskın | Fiyat gitmeden sessiz hacim artışı | Volatilite daralıyor | Güçlü kapanış | RSI sağlıklı bölgede 60.1,Belirgin risk yok,20,20,5,10,13,5,0,51.8,0,historical_backfill,2026-05-15,82.95,-4.27,10.6,8.72,-2.17,-3.8,-2.59,-1.75,-1.45,-3.8,-1.45,-3.8,0,0,tamamlandı
1,TTKOM,True,True,ELİT ADAY,89,64.1,48296116,1582427443.27,55.32,3.23,2.63,1.9,2.67,1.07,16.36,0.82,0.18,2.06,3.89,2.89,4.65,0.71,EMA20 üzerinde | Orta vadeli trend pozitif | EMA20 eğimi yukarı | Güçlü hacim 1.90x | 10 günlük hacim birikimi güçlü | Fiyat gitmeden sessiz hacim artışı | Kontrollü bant %16.4 | Volatilite daralıyor | Güçlü kapanış | RSI sağlıklı bölgede 55.3 | Erken momentum | 20 günlük dirence yakın,Belirgin risk yok,20,23,11,10,20,5,0,60.0,1,historical_backfill,2026-06-12,64.1,2.89,4.65,0.71,1.48,-2.57,-1.56,-2.89,1.48,-2.57,1.48,-5.3,0,0,tamamlandı
2,TCELL,True,True,GÜÇLÜ ADAY,80,110.7,26346795,2217965165.26,54.85,3.15,3.16,1.26,1.22,2.16,12.1,0.81,0.19,4.16,2.98,5.33,9.6,-3.32,EMA20 üzerinde | EMA20 eğimi yukarı | Hacim ortalamanın üzerinde 1.26x | Hacim birikimi var | Yükselen gün hacmi baskın | Fiyat gitmeden sessiz hacim artışı | Güçlü sıkışma %12.1 | Volatilite daralıyor | Güçlü kapanış | RSI sağlıklı bölgede 54.9 | Erken momentum | 20 günlük dirence yakın,Belirgin risk yok,10,23,15,10,17,5,0,56.3,0,historical_backfill,2026-06-12,110.7,5.33,9.6,-3.32,3.79,1.26,2.44,0.18,4.79,1.26,4.79,-0.27,1,0,tamamlandı
3,AKBNK,True,True,GÜÇLÜ ADAY,76,72.6,247723163,9329064740.18,59.63,3.65,7.38,1.76,1.35,1.73,19.7,1.0,0.0,1.16,8.68,12.56,13.44,0.35,EMA20 üzerinde | EMA20 eğimi yukarı | Güçlü hacim 1.76x | 10 günlük hacim birikimi güçlü | Yükselen gün hacmi baskın | Kontrollü bant %19.7 | Volatilite daralıyor | Güçlü kapanış | RSI sağlıklı bölgede 59.6 | 20 günlük dirence yakın,Belirgin risk yok,10,25,11,10,15,5,0,49.9,0,historical_backfill,2026-06-12,72.6,12.56,13.44,0.35,5.72,7.44,12.74,6.4,12.74,5.72,12.95,5.72,1,1,tamamlandı
